http://www4.wiwiss.fu-berlin.de/bizer/bsbm/v01/instances/dataFromProducer2/Product78;http://www.w3.org/1999/02/22-rdf-syntax-ns#type;http://www4.wiwiss.fu-berlin.de/bizer/bsbm/v01/vocabulary/Product
http://www4.wiwiss.fu-berlin.de/bizer/bsbm/v01/instances/dataFromProducer2/Product78;http://www.w3.org/1999/02/22-rdf-syntax-ns#type;http://www4.wiwiss.fu-berlin.de/bizer/bsbm/v01/instances/ProductType67
http://www4.wiwiss.fu-berlin.de/bizer/bsbm/v01/instances/dataFromProducer2/Product78;http://www.w3.org/2000/01/rdf-schema#label;auscultates
http://www4.wiwiss.fu-berlin.de/bizer/bsbm/v01/instances/dataFromProducer2/Product78;http://www.w3.org/2000/01/rdf-schema#comment;principally altercation deformers isolating guck cheesiest overweens piccalillis vitrified corvets rebroaden unperson nuptials headstones shrimpy horribles dictates jiujutsus anopia overplays tonier hardtops snowman sallowing podgily desiccatory autoinoculation rehandle contempts flexitime mainlander nonacademic panniers coughs disestablismentarianism resolving recapping abscissions puruloid kittening tolerators mirkier densifies overcritically conducted blunging envisaged lesbians ogreism barstool ensorcel mortalities tollbooths trousseaus compadres outline ricotta flutists tweets goaltender supernational educations gourmand mistrusted microcosmic berobed sherbets threateners slippers yashmak intensely mortifies stations participator heinous tribulation allegator romanize cannas encrypt untamed chaparrals ankhs womanlier oxidizing flumes mudstones stomachs neighs homunculi tangents dinned letups flabbergasts unpersuasive braveness yep prostatectomies amreeta ousel viny recontest cumulous calxes wavering inflationists pliancies rims embarring stimied haets dicer pulldown bannock scooper resentfulness rickettsiae lathy appetizingly serenading plastrons overexpands inequable glinted nosier emotionalist nebulizes escargot bathyscaphes flavonols organizational reinvests
http://www4.wiwiss.fu-berlin.de/bizer/bsbm/v01/instances/dataFromProducer2/Product78;http://www4.wiwiss.fu-berlin.de/bizer/bsbm/v01/vocabulary/productPropertyNumeric1;1813
http://www4.wiwiss.fu-berlin.de/bizer/bsbm/v01/instances/dataFromProducer2/Product78;http://www4.wiwiss.fu-berlin.de/bizer/bsbm/v01/vocabulary/productPropertyNumeric2;322
http://www4.wiwiss.fu-berlin.de/bizer/bsbm/v01/instances/dataFromProducer2/Product78;http://www4.wiwiss.fu-berlin.de/bizer/bsbm/v01/vocabulary/productPropertyNumeric3;1279
http://www4.wiwiss.fu-berlin.de/bizer/bsbm/v01/instances/dataFromProducer2/Product78;http://www4.wiwiss.fu-berlin.de/bizer/bsbm/v01/vocabulary/productPropertyTextual1;tumour videos tangerines mavins misconstrues infernos slurps mobilities platefuls
http://www4.wiwiss.fu-berlin.de/bizer/bsbm/v01/instances/dataFromProducer2/Product78;http://www4.wiwiss.fu-berlin.de/bizer/bsbm/v01/vocabulary/productPropertyTextual2;holsteins straightest cyanides explicits salver confections bevels decayers wencher louisianan suburbanites cravingly cosigned reconnects
http://www4.wiwiss.fu-berlin.de/bizer/bsbm/v01/instances/dataFromProducer2/Product78;http://www4.wiwiss.fu-berlin.de/bizer/bsbm/v01/vocabulary/productPropertyTextual3;deadbeats cropland situp tabulator disquietudes pacifically spunkiness calms squinch roentgens
http://www4.wiwiss.fu-berlin.de/bizer/bsbm/v01/instances/dataFromProducer2/Product78;http://www4.wiwiss.fu-berlin.de/bizer/bsbm/v01/vocabulary/productFeature;http://www4.wiwiss.fu-berlin.de/bizer/bsbm/v01/instances/ProductFeature1991
http://www4.wiwiss.fu-berlin.de/bizer/bsbm/v01/instances/dataFromProducer2/Product78;http://www4.wiwiss.fu-berlin.de/bizer/bsbm/v01/vocabulary/productFeature;http://www4.wiwiss.fu-berlin.de/bizer/bsbm/v01/instances/ProductFeature2002
http://www4.wiwiss.fu-berlin.de/bizer/bsbm/v01/instances/dataFromProducer2/Product78;http://www4.wiwiss.fu-berlin.de/bizer/bsbm/v01/vocabulary/productFeature;http://www4.wiwiss.fu-berlin.de/bizer/bsbm/v01/instances/ProductFeature2014
http://www4.wiwiss.fu-berlin.de/bizer/bsbm/v01/instances/dataFromProducer2/Product78;http://www4.wiwiss.fu-berlin.de/bizer/bsbm/v01/vocabulary/productFeature;http://www4.wiwiss.fu-berlin.de/bizer/bsbm/v01/instances/ProductFeature2015
http://www4.wiwiss.fu-berlin.de/bizer/bsbm/v01/instances/dataFromProducer2/Product78;http://www4.wiwiss.fu-berlin.de/bizer/bsbm/v01/vocabulary/productFeature;http://www4.wiwiss.fu-berlin.de/bizer/bsbm/v01/instances/ProductFeature286
http://www4.wiwiss.fu-berlin.de/bizer/bsbm/v01/instances/dataFromProducer2/Product78;http://www4.wiwiss.fu-berlin.de/bizer/bsbm/v01/vocabulary/productFeature;http://www4.wiwiss.fu-berlin.de/bizer/bsbm/v01/instances/ProductFeature289
http://www4.wiwiss.fu-berlin.de/bizer/bsbm/v01/instances/dataFromProducer2/Product78;http://www4.wiwiss.fu-berlin.de/bizer/bsbm/v01/vocabulary/productFeature;http://www4.wiwiss.fu-berlin.de/bizer/bsbm/v01/instances/ProductFeature300
http://www4.wiwiss.fu-berlin.de/bizer/bsbm/v01/instances/dataFromProducer2/Product78;http://www4.wiwiss.fu-berlin.de/bizer/bsbm/v01/vocabulary/productFeature;http://www4.wiwiss.fu-berlin.de/bizer/bsbm/v01/instances/ProductFeature303
http://www4.wiwiss.fu-berlin.de/bizer/bsbm/v01/instances/dataFromProducer2/Product78;http://www4.wiwiss.fu-berlin.de/bizer/bsbm/v01/vocabulary/productFeature;http://www4.wiwiss.fu-berlin.de/bizer/bsbm/v01/instances/ProductFeature1
http://www4.wiwiss.fu-berlin.de/bizer/bsbm/v01/instances/dataFromProducer2/Product78;http://www4.wiwiss.fu-berlin.de/bizer/bsbm/v01/vocabulary/productFeature;http://www4.wiwiss.fu-berlin.de/bizer/bsbm/v01/instances/ProductFeature2
http://www4.wiwiss.fu-berlin.de/bizer/bsbm/v01/instances/dataFromProducer2/Product78;http://www4.wiwiss.fu-berlin.de/bizer/bsbm/v01/vocabulary/productFeature;http://www4.wiwiss.fu-berlin.de/bizer/bsbm/v01/instances/ProductFeature9
http://www4.wiwiss.fu-berlin.de/bizer/bsbm/v01/instances/dataFromProducer2/Product78;http://www4.wiwiss.fu-berlin.de/bizer/bsbm/v01/vocabulary/productFeature;http://www4.wiwiss.fu-berlin.de/bizer/bsbm/v01/instances/ProductFeature11
http://www4.wiwiss.fu-berlin.de/bizer/bsbm/v01/instances/dataFromProducer2/Product78;http://www4.wiwiss.fu-berlin.de/bizer/bsbm/v01/vocabulary/productFeature;http://www4.wiwiss.fu-berlin.de/bizer/bsbm/v01/instances/ProductFeature12
http://www4.wiwiss.fu-berlin.de/bizer/bsbm/v01/instances/dataFromProducer2/Product78;http://www4.wiwiss.fu-berlin.de/bizer/bsbm/v01/vocabulary/productFeature;http://www4.wiwiss.fu-berlin.de/bizer/bsbm/v01/instances/ProductFeature15
http://www4.wiwiss.fu-berlin.de/bizer/bsbm/v01/instances/dataFromProducer2/Product78;http://www4.wiwiss.fu-berlin.de/bizer/bsbm/v01/vocabulary/productFeature;http://www4.wiwiss.fu-berlin.de/bizer/bsbm/v01/instances/ProductFeature21
http://www4.wiwiss.fu-berlin.de/bizer/bsbm/v01/instances/dataFromProducer2/Product78;http://www4.wiwiss.fu-berlin.de/bizer/bsbm/v01/vocabulary/producer;http://www4.wiwiss.fu-berlin.de/bizer/bsbm/v01/instances/dataFromProducer2/Producer2
http://www4.wiwiss.fu-berlin.de/bizer/bsbm/v01/instances/dataFromProducer2/Product78;http://purl.org/dc/elements/1.1/publisher;http://www4.wiwiss.fu-berlin.de/bizer/bsbm/v01/instances/dataFromProducer2/Producer2
http://www4.wiwiss.fu-berlin.de/bizer/bsbm/v01/instances/dataFromProducer2/Product78;http://purl.org/dc/elements/1.1/date;2004-12-04
http://www4.wiwiss.fu-berlin.de/bizer/bsbm/v01/instances/dataFromProducer7/Product329;http://www.w3.org/1999/02/22-rdf-syntax-ns#type;http://www4.wiwiss.fu-berlin.de/bizer/bsbm/v01/vocabulary/Product
http://www4.wiwiss.fu-berlin.de/bizer/bsbm/v01/instances/dataFromProducer7/Product329;http://www.w3.org/1999/02/22-rdf-syntax-ns#type;http://www4.wiwiss.fu-berlin.de/bizer/bsbm/v01/instances/ProductType74
http://www4.wiwiss.fu-berlin.de/bizer/bsbm/v01/instances/dataFromProducer7/Product329;http://www.w3.org/2000/01/rdf-schema#label;interfertile subdirector visceromotor
http://www4.wiwiss.fu-berlin.de/bizer/bsbm/v01/instances/dataFromProducer7/Product329;http://www.w3.org/2000/01/rdf-schema#comment;suboffice lengthening kerbed originals cushioning sachets menstruant affirmers dustrag neared enunciations mouthed charitableness aussie angelical ornerier prorogation antinarcotic debauchees mealworm amebean eructs questor tictocking softens embellisher unterminated approachers convolvuluses virgos distributors superficialities rags abluted chirpier machicolations transponder inadmissability stagey untutored kinematical haversack raking cumshaw pauses friendlies valiancies godchildren disavowal attritional usherettes dup lags moistened tux viziers tripes heiring forcibly heliports iconical yammerers habituated matriline belchers aqueously hockshop wickeder outbox scatology stodged hightailing uncurious inconspicuously encouragement narks jugglings proofs objicient backdated pupated cleaning reincorporated slavers knottily fatted bronchially geed litten arrangements ichthyosiform misquotes marabou delicates filmic purchased wheaties
http://www4.wiwiss.fu-berlin.de/bizer/bsbm/v01/instances/dataFromProducer7/Product329;http://www4.wiwiss.fu-berlin.de/bizer/bsbm/v01/vocabulary/productPropertyNumeric1;741
http://www4.wiwiss.fu-berlin.de/bizer/bsbm/v01/instances/dataFromProducer7/Product329;http://www4.wiwiss.fu-berlin.de/bizer/bsbm/v01/vocabulary/productPropertyNumeric2;755
http://www4.wiwiss.fu-berlin.de/bizer/bsbm/v01/instances/dataFromProducer7/Product329;http://www4.wiwiss.fu-berlin.de/bizer/bsbm/v01/vocabulary/productPropertyNumeric3;1113
http://www4.wiwiss.fu-berlin.de/bizer/bsbm/v01/instances/dataFromProducer7/Product329;http://www4.wiwiss.fu-berlin.de/bizer/bsbm/v01/vocabulary/productPropertyTextual1;resinous phenotypes flavors
http://www4.wiwiss.fu-berlin.de/bizer/bsbm/v01/instances/dataFromProducer7/Product329;http://www4.wiwiss.fu-berlin.de/bizer/bsbm/v01/vocabulary/productPropertyTextual2;millionaires crowdy overeasy rebuttoned hortative rampagers berbers ensorcel caribes piccolos ungallantly phallist usufruct pilose supplest
http://www4.wiwiss.fu-berlin.de/bizer/bsbm/v01/instances/dataFromProducer7/Product329;http://www4.wiwiss.fu-berlin.de/bizer/bsbm/v01/vocabulary/productPropertyTextual3;expurgations junkier letch stewbums derangements horologist harmonically fiendishly merchandising violists
http://www4.wiwiss.fu-berlin.de/bizer/bsbm/v01/instances/dataFromProducer7/Product329;http://www4.wiwiss.fu-berlin.de/bizer/bsbm/v01/vocabulary/productFeature;http://www4.wiwiss.fu-berlin.de/bizer/bsbm/v01/instances/ProductFeature2215
http://www4.wiwiss.fu-berlin.de/bizer/bsbm/v01/instances/dataFromProducer7/Product329;http://www4.wiwiss.fu-berlin.de/bizer/bsbm/v01/vocabulary/productFeature;http://www4.wiwiss.fu-berlin.de/bizer/bsbm/v01/instances/ProductFeature2217
http://www4.wiwiss.fu-berlin.de/bizer/bsbm/v01/instances/dataFromProducer7/Product329;http://www4.wiwiss.fu-berlin.de/bizer/bsbm/v01/vocabulary/productFeature;http://www4.wiwiss.fu-berlin.de/bizer/bsbm/v01/instances/ProductFeature2219
http://www4.wiwiss.fu-berlin.de/bizer/bsbm/v01/instances/dataFromProducer7/Product329;http://www4.wiwiss.fu-berlin.de/bizer/bsbm/v01/vocabulary/productFeature;http://www4.wiwiss.fu-berlin.de/bizer/bsbm/v01/instances/ProductFeature2226
http://www4.wiwiss.fu-berlin.de/bizer/bsbm/v01/instances/dataFromProducer7/Product329;http://www4.wiwiss.fu-berlin.de/bizer/bsbm/v01/vocabulary/productFeature;http://www4.wiwiss.fu-berlin.de/bizer/bsbm/v01/instances/ProductFeature2229
http://www4.wiwiss.fu-berlin.de/bizer/bsbm/v01/instances/dataFromProducer7/Product329;http://www4.wiwiss.fu-berlin.de/bizer/bsbm/v01/vocabulary/productFeature;http://www4.wiwiss.fu-berlin.de/bizer/bsbm/v01/instances/ProductFeature2230
http://www4.wiwiss.fu-berlin.de/bizer/bsbm/v01/instances/dataFromProducer7/Product329;http://www4.wiwiss.fu-berlin.de/bizer/bsbm/v01/vocabulary/productFeature;http://www4.wiwiss.fu-berlin.de/bizer/bsbm/v01/instances/ProductFeature2231
http://www4.wiwiss.fu-berlin.de/bizer/bsbm/v01/instances/dataFromProducer7/Product329;http://www4.wiwiss.fu-berlin.de/bizer/bsbm/v01/vocabulary/productFeature;http://www4.wiwiss.fu-berlin.de/bizer/bsbm/v01/instances/ProductFeature2238
http://www4.wiwiss.fu-berlin.de/bizer/bsbm/v01/instances/dataFromProducer7/Product329;http://www4.wiwiss.fu-berlin.de/bizer/bsbm/v01/vocabulary/productFeature;http://www4.wiwiss.fu-berlin.de/bizer/bsbm/v01/instances/ProductFeature384
http://www4.wiwiss.fu-berlin.de/bizer/bsbm/v01/instances/dataFromProducer7/Product329;http://www4.wiwiss.fu-berlin.de/bizer/bsbm/v01/vocabulary/productFeature;http://www4.wiwiss.fu-berlin.de/bizer/bsbm/v01/instances/ProductFeature395
http://www4.wiwiss.fu-berlin.de/bizer/bsbm/v01/instances/dataFromProducer7/Product329;http://www4.wiwiss.fu-berlin.de/bizer/bsbm/v01/vocabulary/productFeature;http://www4.wiwiss.fu-berlin.de/bizer/bsbm/v01/instances/ProductFeature399
http://www4.wiwiss.fu-berlin.de/bizer/bsbm/v01/instances/dataFromProducer7/Product329;http://www4.wiwiss.fu-berlin.de/bizer/bsbm/v01/vocabulary/productFeature;http://www4.wiwiss.fu-berlin.de/bizer/bsbm/v01/instances/ProductFeature403
http://www4.wiwiss.fu-berlin.de/bizer/bsbm/v01/instances/dataFromProducer7/Product329;http://www4.wiwiss.fu-berlin.de/bizer/bsbm/v01/vocabulary/productFeature;http://www4.wiwiss.fu-berlin.de/bizer/bsbm/v01/instances/ProductFeature404
http://www4.wiwiss.fu-berlin.de/bizer/bsbm/v01/instances/dataFromProducer7/Product329;http://www4.wiwiss.fu-berlin.de/bizer/bsbm/v01/vocabulary/productFeature;http://www4.wiwiss.fu-berlin.de/bizer/bsbm/v01/instances/ProductFeature405
http://www4.wiwiss.fu-berlin.de/bizer/bsbm/v01/instances/dataFromProducer7/Product329;http://www4.wiwiss.fu-berlin.de/bizer/bsbm/v01/vocabulary/productFeature;http://www4.wiwiss.fu-berlin.de/bizer/bsbm/v01/instances/ProductFeature24
http://www4.wiwiss.fu-berlin.de/bizer/bsbm/v01/instances/dataFromProducer7/Product329;http://www4.wiwiss.fu-berlin.de/bizer/bsbm/v01/vocabulary/productFeature;http://www4.wiwiss.fu-berlin.de/bizer/bsbm/v01/instances/ProductFeature27
http://www4.wiwiss.fu-berlin.de/bizer/bsbm/v01/instances/dataFromProducer7/Product329;http://www4.wiwiss.fu-berlin.de/bizer/bsbm/v01/vocabulary/productFeature;http://www4.wiwiss.fu-berlin.de/bizer/bsbm/v01/instances/ProductFeature34
http://www4.wiwiss.fu-berlin.de/bizer/bsbm/v01/instances/dataFromProducer7/Product329;http://www4.wiwiss.fu-berlin.de/bizer/bsbm/v01/vocabulary/producer;http://www4.wiwiss.fu-berlin.de/bizer/bsbm/v01/instances/dataFromProducer7/Producer7
http://www4.wiwiss.fu-berlin.de/bizer/bsbm/v01/instances/dataFromProducer7/Product329;http://purl.org/dc/elements/1.1/publisher;http://www4.wiwiss.fu-berlin.de/bizer/bsbm/v01/instances/dataFromProducer7/Producer7
http://www4.wiwiss.fu-berlin.de/bizer/bsbm/v01/instances/dataFromProducer7/Product329;http://purl.org/dc/elements/1.1/date;2003-07-19
http://www4.wiwiss.fu-berlin.de/bizer/bsbm/v01/instances/dataFromProducer21/Product986;http://www.w3.org/1999/02/22-rdf-syntax-ns#type;http://www4.wiwiss.fu-berlin.de/bizer/bsbm/v01/vocabulary/Product
http://www4.wiwiss.fu-berlin.de/bizer/bsbm/v01/instances/dataFromProducer21/Product986;http://www.w3.org/1999/02/22-rdf-syntax-ns#type;http://www4.wiwiss.fu-berlin.de/bizer/bsbm/v01/instances/ProductType71
http://www4.wiwiss.fu-berlin.de/bizer/bsbm/v01/instances/dataFromProducer21/Product986;http://www.w3.org/2000/01/rdf-schema#label;putrefy
http://www4.wiwiss.fu-berlin.de/bizer/bsbm/v01/instances/dataFromProducer21/Product986;http://www.w3.org/2000/01/rdf-schema#comment;pallettes punier disengage overcoat osculations threshed worthless gearless megavolts misfit skulduggery pieplants grimy prearm plunders commissioned subclassify ghoulishness inviolably chillingly forms abstentionism iambi rationed wilds contemporarily kirsches feeder trephined quackeries algins autocratically considerations farces reeducation monks bandmaster nonbeings presets pyrenees debilitations millwright luncheonette cubisms briskly acupuncture playact lotions condoler lipless whammed warmly bemires nonexclusive necropolis documents outsold fricasseed overbake entitled impeded palmiest neighborly blini juster lolling dengue bankers tzuris peroxiding wowser chaplet groining picnickers reblooming constrictions lampooners sunstrokes
http://www4.wiwiss.fu-berlin.de/bizer/bsbm/v01/instances/dataFromProducer21/Product986;http://www4.wiwiss.fu-berlin.de/bizer/bsbm/v01/vocabulary/productPropertyNumeric1;480
http://www4.wiwiss.fu-berlin.de/bizer/bsbm/v01/instances/dataFromProducer21/Product986;http://www4.wiwiss.fu-berlin.de/bizer/bsbm/v01/vocabulary/productPropertyNumeric2;1376
http://www4.wiwiss.fu-berlin.de/bizer/bsbm/v01/instances/dataFromProducer21/Product986;http://www4.wiwiss.fu-berlin.de/bizer/bsbm/v01/vocabulary/productPropertyNumeric3;703
http://www4.wiwiss.fu-berlin.de/bizer/bsbm/v01/instances/dataFromProducer21/Product986;http://www4.wiwiss.fu-berlin.de/bizer/bsbm/v01/vocabulary/productPropertyNumeric4;1069
http://www4.wiwiss.fu-berlin.de/bizer/bsbm/v01/instances/dataFromProducer21/Product986;http://www4.wiwiss.fu-berlin.de/bizer/bsbm/v01/vocabulary/productPropertyNumeric5;774
http://www4.wiwiss.fu-berlin.de/bizer/bsbm/v01/instances/dataFromProducer21/Product986;http://www4.wiwiss.fu-berlin.de/bizer/bsbm/v01/vocabulary/productPropertyTextual1;hypothyroids mangoes backache unclasped fabulously infinitives coshed churchgoers morphogeneses
http://www4.wiwiss.fu-berlin.de/bizer/bsbm/v01/instances/dataFromProducer21/Product986;http://www4.wiwiss.fu-berlin.de/bizer/bsbm/v01/vocabulary/productPropertyTextual2;calendula balloonist extensors rattraps whished strangers goldenly shudders boated
http://www4.wiwiss.fu-berlin.de/bizer/bsbm/v01/instances/dataFromProducer21/Product986;http://www4.wiwiss.fu-berlin.de/bizer/bsbm/v01/vocabulary/productPropertyTextual3;subsegments mercantilistic poker mushiness ganser seral prehensile alloys bevelled smarting restyles spellbinding
http://www4.wiwiss.fu-berlin.de/bizer/bsbm/v01/instances/dataFromProducer21/Product986;http://www4.wiwiss.fu-berlin.de/bizer/bsbm/v01/vocabulary/productPropertyTextual4;worrywarts groovers electricians lushness hyperglycemia
http://www4.wiwiss.fu-berlin.de/bizer/bsbm/v01/instances/dataFromProducer21/Product986;http://www4.wiwiss.fu-berlin.de/bizer/bsbm/v01/vocabulary/productPropertyTextual5;mycologist cathouse wellhead cynicisms protoplasmatic enroll
http://www4.wiwiss.fu-berlin.de/bizer/bsbm/v01/instances/dataFromProducer21/Product986;http://www4.wiwiss.fu-berlin.de/bizer/bsbm/v01/vocabulary/productFeature;http://www4.wiwiss.fu-berlin.de/bizer/bsbm/v01/instances/ProductFeature2116
http://www4.wiwiss.fu-berlin.de/bizer/bsbm/v01/instances/dataFromProducer21/Product986;http://www4.wiwiss.fu-berlin.de/bizer/bsbm/v01/vocabulary/productFeature;http://www4.wiwiss.fu-berlin.de/bizer/bsbm/v01/instances/ProductFeature2123
http://www4.wiwiss.fu-berlin.de/bizer/bsbm/v01/instances/dataFromProducer21/Product986;http://www4.wiwiss.fu-berlin.de/bizer/bsbm/v01/vocabulary/productFeature;http://www4.wiwiss.fu-berlin.de/bizer/bsbm/v01/instances/ProductFeature2128
http://www4.wiwiss.fu-berlin.de/bizer/bsbm/v01/instances/dataFromProducer21/Product986;http://www4.wiwiss.fu-berlin.de/bizer/bsbm/v01/vocabulary/productFeature;http://www4.wiwiss.fu-berlin.de/bizer/bsbm/v01/instances/ProductFeature2129
http://www4.wiwiss.fu-berlin.de/bizer/bsbm/v01/instances/dataFromProducer21/Product986;http://www4.wiwiss.fu-berlin.de/bizer/bsbm/v01/vocabulary/productFeature;http://www4.wiwiss.fu-berlin.de/bizer/bsbm/v01/instances/ProductFeature2134
http://www4.wiwiss.fu-berlin.de/bizer/bsbm/v01/instances/dataFromProducer21/Product986;http://www4.wiwiss.fu-berlin.de/bizer/bsbm/v01/vocabulary/productFeature;http://www4.wiwiss.fu-berlin.de/bizer/bsbm/v01/instances/ProductFeature2137
http://www4.wiwiss.fu-berlin.de/bizer/bsbm/v01/instances/dataFromProducer21/Product986;http://www4.wiwiss.fu-berlin.de/bizer/bsbm/v01/vocabulary/productFeature;http://www4.wiwiss.fu-berlin.de/bizer/bsbm/v01/instances/ProductFeature2138
http://www4.wiwiss.fu-berlin.de/bizer/bsbm/v01/instances/dataFromProducer21/Product986;http://www4.wiwiss.fu-berlin.de/bizer/bsbm/v01/vocabulary/productFeature;http://www4.wiwiss.fu-berlin.de/bizer/bsbm/v01/instances/ProductFeature2139
http://www4.wiwiss.fu-berlin.de/bizer/bsbm/v01/instances/dataFromProducer21/Product986;http://www4.wiwiss.fu-berlin.de/bizer/bsbm/v01/vocabulary/productFeature;http://www4.wiwiss.fu-berlin.de/bizer/bsbm/v01/instances/ProductFeature2146
http://www4.wiwiss.fu-berlin.de/bizer/bsbm/v01/instances/dataFromProducer21/Product986;http://www4.wiwiss.fu-berlin.de/bizer/bsbm/v01/vocabulary/productFeature;http://www4.wiwiss.fu-berlin.de/bizer/bsbm/v01/instances/ProductFeature2150
http://www4.wiwiss.fu-berlin.de/bizer/bsbm/v01/instances/dataFromProducer21/Product986;http://www4.wiwiss.fu-berlin.de/bizer/bsbm/v01/vocabulary/productFeature;http://www4.wiwiss.fu-berlin.de/bizer/bsbm/v01/instances/ProductFeature2152
http://www4.wiwiss.fu-berlin.de/bizer/bsbm/v01/instances/dataFromProducer21/Product986;http://www4.wiwiss.fu-berlin.de/bizer/bsbm/v01/vocabulary/productFeature;http://www4.wiwiss.fu-berlin.de/bizer/bsbm/v01/instances/ProductFeature344
http://www4.wiwiss.fu-berlin.de/bizer/bsbm/v01/instances/dataFromProducer21/Product986;http://www4.wiwiss.fu-berlin.de/bizer/bsbm/v01/vocabulary/productFeature;http://www4.wiwiss.fu-berlin.de/bizer/bsbm/v01/instances/ProductFeature347
http://www4.wiwiss.fu-berlin.de/bizer/bsbm/v01/instances/dataFromProducer21/Product986;http://www4.wiwiss.fu-berlin.de/bizer/bsbm/v01/vocabulary/productFeature;http://www4.wiwiss.fu-berlin.de/bizer/bsbm/v01/instances/ProductFeature349
http://www4.wiwiss.fu-berlin.de/bizer/bsbm/v01/instances/dataFromProducer21/Product986;http://www4.wiwiss.fu-berlin.de/bizer/bsbm/v01/vocabulary/productFeature;http://www4.wiwiss.fu-berlin.de/bizer/bsbm/v01/instances/ProductFeature351
http://www4.wiwiss.fu-berlin.de/bizer/bsbm/v01/instances/dataFromProducer21/Product986;http://www4.wiwiss.fu-berlin.de/bizer/bsbm/v01/vocabulary/productFeature;http://www4.wiwiss.fu-berlin.de/bizer/bsbm/v01/instances/ProductFeature2
http://www4.wiwiss.fu-berlin.de/bizer/bsbm/v01/instances/dataFromProducer21/Product986;http://www4.wiwiss.fu-berlin.de/bizer/bsbm/v01/vocabulary/productFeature;http://www4.wiwiss.fu-berlin.de/bizer/bsbm/v01/instances/ProductFeature3
http://www4.wiwiss.fu-berlin.de/bizer/bsbm/v01/instances/dataFromProducer21/Product986;http://www4.wiwiss.fu-berlin.de/bizer/bsbm/v01/vocabulary/productFeature;http://www4.wiwiss.fu-berlin.de/bizer/bsbm/v01/instances/ProductFeature7
http://www4.wiwiss.fu-berlin.de/bizer/bsbm/v01/instances/dataFromProducer21/Product986;http://www4.wiwiss.fu-berlin.de/bizer/bsbm/v01/vocabulary/productFeature;http://www4.wiwiss.fu-berlin.de/bizer/bsbm/v01/instances/ProductFeature8
http://www4.wiwiss.fu-berlin.de/bizer/bsbm/v01/instances/dataFromProducer21/Product986;http://www4.wiwiss.fu-berlin.de/bizer/bsbm/v01/vocabulary/productFeature;http://www4.wiwiss.fu-berlin.de/bizer/bsbm/v01/instances/ProductFeature11
http://www4.wiwiss.fu-berlin.de/bizer/bsbm/v01/instances/dataFromProducer21/Product986;http://www4.wiwiss.fu-berlin.de/bizer/bsbm/v01/vocabulary/productFeature;http://www4.wiwiss.fu-berlin.de/bizer/bsbm/v01/instances/ProductFeature16
http://www4.wiwiss.fu-berlin.de/bizer/bsbm/v01/instances/dataFromProducer21/Product986;http://www4.wiwiss.fu-berlin.de/bizer/bsbm/v01/vocabulary/productFeature;http://www4.wiwiss.fu-berlin.de/bizer/bsbm/v01/instances/ProductFeature17
http://www4.wiwiss.fu-berlin.de/bizer/bsbm/v01/instances/dataFromProducer21/Product986;http://www4.wiwiss.fu-berlin.de/bizer/bsbm/v01/vocabulary/producer;http://www4.wiwiss.fu-berlin.de/bizer/bsbm/v01/instances/dataFromProducer21/Producer21
http://www4.wiwiss.fu-berlin.de/bizer/bsbm/v01/instances/dataFromProducer21/Product986;http://purl.org/dc/elements/1.1/publisher;http://www4.wiwiss.fu-berlin.de/bizer/bsbm/v01/instances/dataFromProducer21/Producer21
http://www4.wiwiss.fu-berlin.de/bizer/bsbm/v01/instances/dataFromProducer21/Product986;http://purl.org/dc/elements/1.1/date;2003-06-11
http://www4.wiwiss.fu-berlin.de/bizer/bsbm/v01/instances/dataFromProducer11/Product508;http://www.w3.org/1999/02/22-rdf-syntax-ns#type;http://www4.wiwiss.fu-berlin.de/bizer/bsbm/v01/vocabulary/Product
http://www4.wiwiss.fu-berlin.de/bizer/bsbm/v01/instances/dataFromProducer11/Product508;http://www.w3.org/1999/02/22-rdf-syntax-ns#type;http://www4.wiwiss.fu-berlin.de/bizer/bsbm/v01/instances/ProductType64
http://www4.wiwiss.fu-berlin.de/bizer/bsbm/v01/instances/dataFromProducer11/Product508;http://www.w3.org/2000/01/rdf-schema#label;dirk professionalize
http://www4.wiwiss.fu-berlin.de/bizer/bsbm/v01/instances/dataFromProducer11/Product508;http://www.w3.org/2000/01/rdf-schema#comment;eroticizing idly homoerotism esteeming rationing flamming thornbush cinematheque revarnished squadroned leprose chammies medullas impenetrableness retransmit ceiler scouts cypruses ladrone aerobe inters grandmothers chiming brassards nonmystical telegraphist streptococci extremities crabbiest vowelize fleetest jumpiest addling manually keepable lilts arf blousiest oilcans pupa tarn foreknows nostrils liquids undies unapologetically gonadectomies intimidating enfilade juxtaposing demos uneconomic dought furriners rehydration craggiest girting goalless escaping absorbents secreting constituency snazzier tzarism songsters seamer inflates
http://www4.wiwiss.fu-berlin.de/bizer/bsbm/v01/instances/dataFromProducer11/Product508;http://www4.wiwiss.fu-berlin.de/bizer/bsbm/v01/vocabulary/productPropertyNumeric1;491
http://www4.wiwiss.fu-berlin.de/bizer/bsbm/v01/instances/dataFromProducer11/Product508;http://www4.wiwiss.fu-berlin.de/bizer/bsbm/v01/vocabulary/productPropertyNumeric2;796
http://www4.wiwiss.fu-berlin.de/bizer/bsbm/v01/instances/dataFromProducer11/Product508;http://www4.wiwiss.fu-berlin.de/bizer/bsbm/v01/vocabulary/productPropertyNumeric3;1400
http://www4.wiwiss.fu-berlin.de/bizer/bsbm/v01/instances/dataFromProducer11/Product508;http://www4.wiwiss.fu-berlin.de/bizer/bsbm/v01/vocabulary/productPropertyNumeric6;7
http://www4.wiwiss.fu-berlin.de/bizer/bsbm/v01/instances/dataFromProducer11/Product508;http://www4.wiwiss.fu-berlin.de/bizer/bsbm/v01/vocabulary/productPropertyTextual1;frostily disowns interrelation
http://www4.wiwiss.fu-berlin.de/bizer/bsbm/v01/instances/dataFromProducer11/Product508;http://www4.wiwiss.fu-berlin.de/bizer/bsbm/v01/vocabulary/productPropertyTextual2;halides recombined equalise instal taurine coagulant knits expandible fiberize directing northerns loofa
http://www4.wiwiss.fu-berlin.de/bizer/bsbm/v01/instances/dataFromProducer11/Product508;http://www4.wiwiss.fu-berlin.de/bizer/bsbm/v01/vocabulary/productPropertyTextual3;gravelly chemosensitive ripens saree hobnobbing
http://www4.wiwiss.fu-berlin.de/bizer/bsbm/v01/instances/dataFromProducer11/Product508;http://www4.wiwiss.fu-berlin.de/bizer/bsbm/v01/vocabulary/productFeature;http://www4.wiwiss.fu-berlin.de/bizer/bsbm/v01/instances/ProductFeature1908
http://www4.wiwiss.fu-berlin.de/bizer/bsbm/v01/instances/dataFromProducer11/Product508;http://www4.wiwiss.fu-berlin.de/bizer/bsbm/v01/vocabulary/productFeature;http://www4.wiwiss.fu-berlin.de/bizer/bsbm/v01/instances/ProductFeature1909
http://www4.wiwiss.fu-berlin.de/bizer/bsbm/v01/instances/dataFromProducer11/Product508;http://www4.wiwiss.fu-berlin.de/bizer/bsbm/v01/vocabulary/productFeature;http://www4.wiwiss.fu-berlin.de/bizer/bsbm/v01/instances/ProductFeature1912
http://www4.wiwiss.fu-berlin.de/bizer/bsbm/v01/instances/dataFromProducer11/Product508;http://www4.wiwiss.fu-berlin.de/bizer/bsbm/v01/vocabulary/productFeature;http://www4.wiwiss.fu-berlin.de/bizer/bsbm/v01/instances/ProductFeature1923
http://www4.wiwiss.fu-berlin.de/bizer/bsbm/v01/instances/dataFromProducer11/Product508;http://www4.wiwiss.fu-berlin.de/bizer/bsbm/v01/vocabulary/productFeature;http://www4.wiwiss.fu-berlin.de/bizer/bsbm/v01/instances/ProductFeature240
http://www4.wiwiss.fu-berlin.de/bizer/bsbm/v01/instances/dataFromProducer11/Product508;http://www4.wiwiss.fu-berlin.de/bizer/bsbm/v01/vocabulary/productFeature;http://www4.wiwiss.fu-berlin.de/bizer/bsbm/v01/instances/ProductFeature243
http://www4.wiwiss.fu-berlin.de/bizer/bsbm/v01/instances/dataFromProducer11/Product508;http://www4.wiwiss.fu-berlin.de/bizer/bsbm/v01/vocabulary/productFeature;http://www4.wiwiss.fu-berlin.de/bizer/bsbm/v01/instances/ProductFeature257
http://www4.wiwiss.fu-berlin.de/bizer/bsbm/v01/instances/dataFromProducer11/Product508;http://www4.wiwiss.fu-berlin.de/bizer/bsbm/v01/vocabulary/productFeature;http://www4.wiwiss.fu-berlin.de/bizer/bsbm/v01/instances/ProductFeature260
http://www4.wiwiss.fu-berlin.de/bizer/bsbm/v01/instances/dataFromProducer11/Product508;http://www4.wiwiss.fu-berlin.de/bizer/bsbm/v01/vocabulary/productFeature;http://www4.wiwiss.fu-berlin.de/bizer/bsbm/v01/instances/ProductFeature264
http://www4.wiwiss.fu-berlin.de/bizer/bsbm/v01/instances/dataFromProducer11/Product508;http://www4.wiwiss.fu-berlin.de/bizer/bsbm/v01/vocabulary/productFeature;http://www4.wiwiss.fu-berlin.de/bizer/bsbm/v01/instances/ProductFeature270
http://www4.wiwiss.fu-berlin.de/bizer/bsbm/v01/instances/dataFromProducer11/Product508;http://www4.wiwiss.fu-berlin.de/bizer/bsbm/v01/vocabulary/productFeature;http://www4.wiwiss.fu-berlin.de/bizer/bsbm/v01/instances/ProductFeature271
http://www4.wiwiss.fu-berlin.de/bizer/bsbm/v01/instances/dataFromProducer11/Product508;http://www4.wiwiss.fu-berlin.de/bizer/bsbm/v01/vocabulary/productFeature;http://www4.wiwiss.fu-berlin.de/bizer/bsbm/v01/instances/ProductFeature273
http://www4.wiwiss.fu-berlin.de/bizer/bsbm/v01/instances/dataFromProducer11/Product508;http://www4.wiwiss.fu-berlin.de/bizer/bsbm/v01/vocabulary/productFeature;http://www4.wiwiss.fu-berlin.de/bizer/bsbm/v01/instances/ProductFeature275
http://www4.wiwiss.fu-berlin.de/bizer/bsbm/v01/instances/dataFromProducer11/Product508;http://www4.wiwiss.fu-berlin.de/bizer/bsbm/v01/vocabulary/productFeature;http://www4.wiwiss.fu-berlin.de/bizer/bsbm/v01/instances/ProductFeature3
http://www4.wiwiss.fu-berlin.de/bizer/bsbm/v01/instances/dataFromProducer11/Product508;http://www4.wiwiss.fu-berlin.de/bizer/bsbm/v01/vocabulary/productFeature;http://www4.wiwiss.fu-berlin.de/bizer/bsbm/v01/instances/ProductFeature15
http://www4.wiwiss.fu-berlin.de/bizer/bsbm/v01/instances/dataFromProducer11/Product508;http://www4.wiwiss.fu-berlin.de/bizer/bsbm/v01/vocabulary/productFeature;http://www4.wiwiss.fu-berlin.de/bizer/bsbm/v01/instances/ProductFeature17
http://www4.wiwiss.fu-berlin.de/bizer/bsbm/v01/instances/dataFromProducer11/Product508;http://www4.wiwiss.fu-berlin.de/bizer/bsbm/v01/vocabulary/productFeature;http://www4.wiwiss.fu-berlin.de/bizer/bsbm/v01/instances/ProductFeature18
http://www4.wiwiss.fu-berlin.de/bizer/bsbm/v01/instances/dataFromProducer11/Product508;http://www4.wiwiss.fu-berlin.de/bizer/bsbm/v01/vocabulary/producer;http://www4.wiwiss.fu-berlin.de/bizer/bsbm/v01/instances/dataFromProducer11/Producer11
http://www4.wiwiss.fu-berlin.de/bizer/bsbm/v01/instances/dataFromProducer11/Product508;http://purl.org/dc/elements/1.1/publisher;http://www4.wiwiss.fu-berlin.de/bizer/bsbm/v01/instances/dataFromProducer11/Producer11
http://www4.wiwiss.fu-berlin.de/bizer/bsbm/v01/instances/dataFromProducer11/Product508;http://purl.org/dc/elements/1.1/date;2002-10-10
