http://www4.wiwiss.fu-berlin.de/bizer/bsbm/v01/instances/dataFromProducer25/Product1150;http://www.w3.org/1999/02/22-rdf-syntax-ns#type;http://www4.wiwiss.fu-berlin.de/bizer/bsbm/v01/vocabulary/Product
http://www4.wiwiss.fu-berlin.de/bizer/bsbm/v01/instances/dataFromProducer25/Product1150;http://www.w3.org/1999/02/22-rdf-syntax-ns#type;http://www4.wiwiss.fu-berlin.de/bizer/bsbm/v01/instances/ProductType147
http://www4.wiwiss.fu-berlin.de/bizer/bsbm/v01/instances/dataFromProducer25/Product1150;http://www.w3.org/2000/01/rdf-schema#label;preconceals
http://www4.wiwiss.fu-berlin.de/bizer/bsbm/v01/instances/dataFromProducer25/Product1150;http://www.w3.org/2000/01/rdf-schema#comment;counterpointing volunteers helves dislocating statisms wotted decongests intermediated manubriums twerp ting upheaved sweatiest unfavorable asserting deceases reservist emboweling recorders puckered domesticates bactericide ebbs inkle organdies windjammers raddles attending stratifying chested teenful tenanted cabby debauchee monicker calmest tinhorn torridly liminess guesses boyo pasters democratism squaws straightedges dugong hawkies encages adjusted dichotomies excessively ricocheting unflappability redetermine prospective merges redoubtable quiring obdurated blocking bozo scarifier willowiest accepting peccadillos responses smartness submerse seventeenths shepherded recenter utilizes poshest chards bubbler beachcomber powerlessly plowed borders sympathizer lanyard tattooer contraindicates croaky unorthodoxly guesses wows enhancing solicited showcases aglimmer pullet saxhorns ultramarine reprintings annunciated slabber eruct magnesic fabrication observed hasta pseudonyms metempsychosis broached outwore sizable instrumentalists tuques puzzler
http://www4.wiwiss.fu-berlin.de/bizer/bsbm/v01/instances/dataFromProducer25/Product1150;http://www4.wiwiss.fu-berlin.de/bizer/bsbm/v01/vocabulary/productPropertyNumeric1;175
http://www4.wiwiss.fu-berlin.de/bizer/bsbm/v01/instances/dataFromProducer25/Product1150;http://www4.wiwiss.fu-berlin.de/bizer/bsbm/v01/vocabulary/productPropertyNumeric2;199
http://www4.wiwiss.fu-berlin.de/bizer/bsbm/v01/instances/dataFromProducer25/Product1150;http://www4.wiwiss.fu-berlin.de/bizer/bsbm/v01/vocabulary/productPropertyNumeric3;1170
http://www4.wiwiss.fu-berlin.de/bizer/bsbm/v01/instances/dataFromProducer25/Product1150;http://www4.wiwiss.fu-berlin.de/bizer/bsbm/v01/vocabulary/productPropertyNumeric4;1094
http://www4.wiwiss.fu-berlin.de/bizer/bsbm/v01/instances/dataFromProducer25/Product1150;http://www4.wiwiss.fu-berlin.de/bizer/bsbm/v01/vocabulary/productPropertyNumeric5;468
http://www4.wiwiss.fu-berlin.de/bizer/bsbm/v01/instances/dataFromProducer25/Product1150;http://www4.wiwiss.fu-berlin.de/bizer/bsbm/v01/vocabulary/productPropertyTextual1;fibers tweeters bromines
http://www4.wiwiss.fu-berlin.de/bizer/bsbm/v01/instances/dataFromProducer25/Product1150;http://www4.wiwiss.fu-berlin.de/bizer/bsbm/v01/vocabulary/productPropertyTextual2;discounting forsaking moonshots sackbuts wordless emendations dryads etherify crashes broadaxes careener
http://www4.wiwiss.fu-berlin.de/bizer/bsbm/v01/instances/dataFromProducer25/Product1150;http://www4.wiwiss.fu-berlin.de/bizer/bsbm/v01/vocabulary/productPropertyTextual3;nonmetals gratuities sulkies hummocky blooding brutify curator bearcat reinvigorate banyans winsomeness stockists antibusing moonlighted
http://www4.wiwiss.fu-berlin.de/bizer/bsbm/v01/instances/dataFromProducer25/Product1150;http://www4.wiwiss.fu-berlin.de/bizer/bsbm/v01/vocabulary/productPropertyTextual4;noster patronized remembers towaways honking uncelebrated maximins
http://www4.wiwiss.fu-berlin.de/bizer/bsbm/v01/instances/dataFromProducer25/Product1150;http://www4.wiwiss.fu-berlin.de/bizer/bsbm/v01/vocabulary/productPropertyTextual5;duller aimful brashest takeouts ruts evoking
http://www4.wiwiss.fu-berlin.de/bizer/bsbm/v01/instances/dataFromProducer25/Product1150;http://www4.wiwiss.fu-berlin.de/bizer/bsbm/v01/vocabulary/productFeature;http://www4.wiwiss.fu-berlin.de/bizer/bsbm/v01/instances/ProductFeature4588
http://www4.wiwiss.fu-berlin.de/bizer/bsbm/v01/instances/dataFromProducer25/Product1150;http://www4.wiwiss.fu-berlin.de/bizer/bsbm/v01/vocabulary/productFeature;http://www4.wiwiss.fu-berlin.de/bizer/bsbm/v01/instances/ProductFeature4590
http://www4.wiwiss.fu-berlin.de/bizer/bsbm/v01/instances/dataFromProducer25/Product1150;http://www4.wiwiss.fu-berlin.de/bizer/bsbm/v01/vocabulary/productFeature;http://www4.wiwiss.fu-berlin.de/bizer/bsbm/v01/instances/ProductFeature4595
http://www4.wiwiss.fu-berlin.de/bizer/bsbm/v01/instances/dataFromProducer25/Product1150;http://www4.wiwiss.fu-berlin.de/bizer/bsbm/v01/vocabulary/productFeature;http://www4.wiwiss.fu-berlin.de/bizer/bsbm/v01/instances/ProductFeature4596
http://www4.wiwiss.fu-berlin.de/bizer/bsbm/v01/instances/dataFromProducer25/Product1150;http://www4.wiwiss.fu-berlin.de/bizer/bsbm/v01/vocabulary/productFeature;http://www4.wiwiss.fu-berlin.de/bizer/bsbm/v01/instances/ProductFeature4601
http://www4.wiwiss.fu-berlin.de/bizer/bsbm/v01/instances/dataFromProducer25/Product1150;http://www4.wiwiss.fu-berlin.de/bizer/bsbm/v01/vocabulary/productFeature;http://www4.wiwiss.fu-berlin.de/bizer/bsbm/v01/instances/ProductFeature4605
http://www4.wiwiss.fu-berlin.de/bizer/bsbm/v01/instances/dataFromProducer25/Product1150;http://www4.wiwiss.fu-berlin.de/bizer/bsbm/v01/vocabulary/productFeature;http://www4.wiwiss.fu-berlin.de/bizer/bsbm/v01/instances/ProductFeature4607
http://www4.wiwiss.fu-berlin.de/bizer/bsbm/v01/instances/dataFromProducer25/Product1150;http://www4.wiwiss.fu-berlin.de/bizer/bsbm/v01/vocabulary/productFeature;http://www4.wiwiss.fu-berlin.de/bizer/bsbm/v01/instances/ProductFeature4609
http://www4.wiwiss.fu-berlin.de/bizer/bsbm/v01/instances/dataFromProducer25/Product1150;http://www4.wiwiss.fu-berlin.de/bizer/bsbm/v01/vocabulary/productFeature;http://www4.wiwiss.fu-berlin.de/bizer/bsbm/v01/instances/ProductFeature765
http://www4.wiwiss.fu-berlin.de/bizer/bsbm/v01/instances/dataFromProducer25/Product1150;http://www4.wiwiss.fu-berlin.de/bizer/bsbm/v01/vocabulary/productFeature;http://www4.wiwiss.fu-berlin.de/bizer/bsbm/v01/instances/ProductFeature766
http://www4.wiwiss.fu-berlin.de/bizer/bsbm/v01/instances/dataFromProducer25/Product1150;http://www4.wiwiss.fu-berlin.de/bizer/bsbm/v01/vocabulary/productFeature;http://www4.wiwiss.fu-berlin.de/bizer/bsbm/v01/instances/ProductFeature768
http://www4.wiwiss.fu-berlin.de/bizer/bsbm/v01/instances/dataFromProducer25/Product1150;http://www4.wiwiss.fu-berlin.de/bizer/bsbm/v01/vocabulary/productFeature;http://www4.wiwiss.fu-berlin.de/bizer/bsbm/v01/instances/ProductFeature769
http://www4.wiwiss.fu-berlin.de/bizer/bsbm/v01/instances/dataFromProducer25/Product1150;http://www4.wiwiss.fu-berlin.de/bizer/bsbm/v01/vocabulary/productFeature;http://www4.wiwiss.fu-berlin.de/bizer/bsbm/v01/instances/ProductFeature773
http://www4.wiwiss.fu-berlin.de/bizer/bsbm/v01/instances/dataFromProducer25/Product1150;http://www4.wiwiss.fu-berlin.de/bizer/bsbm/v01/vocabulary/productFeature;http://www4.wiwiss.fu-berlin.de/bizer/bsbm/v01/instances/ProductFeature777
http://www4.wiwiss.fu-berlin.de/bizer/bsbm/v01/instances/dataFromProducer25/Product1150;http://www4.wiwiss.fu-berlin.de/bizer/bsbm/v01/vocabulary/productFeature;http://www4.wiwiss.fu-berlin.de/bizer/bsbm/v01/instances/ProductFeature785
http://www4.wiwiss.fu-berlin.de/bizer/bsbm/v01/instances/dataFromProducer25/Product1150;http://www4.wiwiss.fu-berlin.de/bizer/bsbm/v01/vocabulary/productFeature;http://www4.wiwiss.fu-berlin.de/bizer/bsbm/v01/instances/ProductFeature790
http://www4.wiwiss.fu-berlin.de/bizer/bsbm/v01/instances/dataFromProducer25/Product1150;http://www4.wiwiss.fu-berlin.de/bizer/bsbm/v01/vocabulary/productFeature;http://www4.wiwiss.fu-berlin.de/bizer/bsbm/v01/instances/ProductFeature791
http://www4.wiwiss.fu-berlin.de/bizer/bsbm/v01/instances/dataFromProducer25/Product1150;http://www4.wiwiss.fu-berlin.de/bizer/bsbm/v01/vocabulary/productFeature;http://www4.wiwiss.fu-berlin.de/bizer/bsbm/v01/instances/ProductFeature41
http://www4.wiwiss.fu-berlin.de/bizer/bsbm/v01/instances/dataFromProducer25/Product1150;http://www4.wiwiss.fu-berlin.de/bizer/bsbm/v01/vocabulary/productFeature;http://www4.wiwiss.fu-berlin.de/bizer/bsbm/v01/instances/ProductFeature42
http://www4.wiwiss.fu-berlin.de/bizer/bsbm/v01/instances/dataFromProducer25/Product1150;http://www4.wiwiss.fu-berlin.de/bizer/bsbm/v01/vocabulary/productFeature;http://www4.wiwiss.fu-berlin.de/bizer/bsbm/v01/instances/ProductFeature43
http://www4.wiwiss.fu-berlin.de/bizer/bsbm/v01/instances/dataFromProducer25/Product1150;http://www4.wiwiss.fu-berlin.de/bizer/bsbm/v01/vocabulary/productFeature;http://www4.wiwiss.fu-berlin.de/bizer/bsbm/v01/instances/ProductFeature45
http://www4.wiwiss.fu-berlin.de/bizer/bsbm/v01/instances/dataFromProducer25/Product1150;http://www4.wiwiss.fu-berlin.de/bizer/bsbm/v01/vocabulary/productFeature;http://www4.wiwiss.fu-berlin.de/bizer/bsbm/v01/instances/ProductFeature47
http://www4.wiwiss.fu-berlin.de/bizer/bsbm/v01/instances/dataFromProducer25/Product1150;http://www4.wiwiss.fu-berlin.de/bizer/bsbm/v01/vocabulary/producer;http://www4.wiwiss.fu-berlin.de/bizer/bsbm/v01/instances/dataFromProducer25/Producer25
http://www4.wiwiss.fu-berlin.de/bizer/bsbm/v01/instances/dataFromProducer25/Product1150;http://purl.org/dc/elements/1.1/publisher;http://www4.wiwiss.fu-berlin.de/bizer/bsbm/v01/instances/dataFromProducer25/Producer25
http://www4.wiwiss.fu-berlin.de/bizer/bsbm/v01/instances/dataFromProducer25/Product1150;http://purl.org/dc/elements/1.1/date;2006-09-22
