http://www4.wiwiss.fu-berlin.de/bizer/bsbm/v01/instances/dataFromProducer161/Product7689;http://www.w3.org/1999/02/22-rdf-syntax-ns#type;http://www4.wiwiss.fu-berlin.de/bizer/bsbm/v01/vocabulary/Product
http://www4.wiwiss.fu-berlin.de/bizer/bsbm/v01/instances/dataFromProducer161/Product7689;http://www.w3.org/1999/02/22-rdf-syntax-ns#type;http://www4.wiwiss.fu-berlin.de/bizer/bsbm/v01/instances/ProductType137
http://www4.wiwiss.fu-berlin.de/bizer/bsbm/v01/instances/dataFromProducer161/Product7689;http://www.w3.org/2000/01/rdf-schema#label;landsat
http://www4.wiwiss.fu-berlin.de/bizer/bsbm/v01/instances/dataFromProducer161/Product7689;http://www.w3.org/2000/01/rdf-schema#comment;forkless overexpands saboteurs pesthole arbitrated cocooning snicker imperiums conniving blanching filer ramified injunctions amnesiacs chuted pestholes pharyngeal gismo nearliest greenhorns indurated unkennel sheepshearer unconcerned introducer tallied loadstones jambs revenger corses forelady taverns luteum bushfires lections corroboratory comprehends pinned hardtops tween fissured incapacitator costumier squatty hayrack dinting identifies courtship adits mangily laments disinfectants arborization repays endogenously attacking rarely phantasts codifiers consoled burgling thymol overrefines efficiencies
http://www4.wiwiss.fu-berlin.de/bizer/bsbm/v01/instances/dataFromProducer161/Product7689;http://www4.wiwiss.fu-berlin.de/bizer/bsbm/v01/vocabulary/productPropertyNumeric1;314
http://www4.wiwiss.fu-berlin.de/bizer/bsbm/v01/instances/dataFromProducer161/Product7689;http://www4.wiwiss.fu-berlin.de/bizer/bsbm/v01/vocabulary/productPropertyNumeric2;1163
http://www4.wiwiss.fu-berlin.de/bizer/bsbm/v01/instances/dataFromProducer161/Product7689;http://www4.wiwiss.fu-berlin.de/bizer/bsbm/v01/vocabulary/productPropertyNumeric3;728
http://www4.wiwiss.fu-berlin.de/bizer/bsbm/v01/instances/dataFromProducer161/Product7689;http://www4.wiwiss.fu-berlin.de/bizer/bsbm/v01/vocabulary/productPropertyTextual1;unintelligible despoliation copulation vicegerencies limbering reinstating rebaters semifictional varnishes sauntered overtake
http://www4.wiwiss.fu-berlin.de/bizer/bsbm/v01/instances/dataFromProducer161/Product7689;http://www4.wiwiss.fu-berlin.de/bizer/bsbm/v01/vocabulary/productPropertyTextual2;despoilments nymphs pretensions apically instrumentalists cycloidal philatelists rhomb siennas exhusband mahonias terce
http://www4.wiwiss.fu-berlin.de/bizer/bsbm/v01/instances/dataFromProducer161/Product7689;http://www4.wiwiss.fu-berlin.de/bizer/bsbm/v01/vocabulary/productPropertyTextual3;rattier enviers snowdrifts inflators
http://www4.wiwiss.fu-berlin.de/bizer/bsbm/v01/instances/dataFromProducer161/Product7689;http://www4.wiwiss.fu-berlin.de/bizer/bsbm/v01/vocabulary/productFeature;http://www4.wiwiss.fu-berlin.de/bizer/bsbm/v01/instances/ProductFeature4284
http://www4.wiwiss.fu-berlin.de/bizer/bsbm/v01/instances/dataFromProducer161/Product7689;http://www4.wiwiss.fu-berlin.de/bizer/bsbm/v01/vocabulary/productFeature;http://www4.wiwiss.fu-berlin.de/bizer/bsbm/v01/instances/ProductFeature4288
http://www4.wiwiss.fu-berlin.de/bizer/bsbm/v01/instances/dataFromProducer161/Product7689;http://www4.wiwiss.fu-berlin.de/bizer/bsbm/v01/vocabulary/productFeature;http://www4.wiwiss.fu-berlin.de/bizer/bsbm/v01/instances/ProductFeature4290
http://www4.wiwiss.fu-berlin.de/bizer/bsbm/v01/instances/dataFromProducer161/Product7689;http://www4.wiwiss.fu-berlin.de/bizer/bsbm/v01/vocabulary/productFeature;http://www4.wiwiss.fu-berlin.de/bizer/bsbm/v01/instances/ProductFeature4295
http://www4.wiwiss.fu-berlin.de/bizer/bsbm/v01/instances/dataFromProducer161/Product7689;http://www4.wiwiss.fu-berlin.de/bizer/bsbm/v01/vocabulary/productFeature;http://www4.wiwiss.fu-berlin.de/bizer/bsbm/v01/instances/ProductFeature4297
http://www4.wiwiss.fu-berlin.de/bizer/bsbm/v01/instances/dataFromProducer161/Product7689;http://www4.wiwiss.fu-berlin.de/bizer/bsbm/v01/vocabulary/productFeature;http://www4.wiwiss.fu-berlin.de/bizer/bsbm/v01/instances/ProductFeature4299
http://www4.wiwiss.fu-berlin.de/bizer/bsbm/v01/instances/dataFromProducer161/Product7689;http://www4.wiwiss.fu-berlin.de/bizer/bsbm/v01/vocabulary/productFeature;http://www4.wiwiss.fu-berlin.de/bizer/bsbm/v01/instances/ProductFeature4303
http://www4.wiwiss.fu-berlin.de/bizer/bsbm/v01/instances/dataFromProducer161/Product7689;http://www4.wiwiss.fu-berlin.de/bizer/bsbm/v01/vocabulary/productFeature;http://www4.wiwiss.fu-berlin.de/bizer/bsbm/v01/instances/ProductFeature660
http://www4.wiwiss.fu-berlin.de/bizer/bsbm/v01/instances/dataFromProducer161/Product7689;http://www4.wiwiss.fu-berlin.de/bizer/bsbm/v01/vocabulary/productFeature;http://www4.wiwiss.fu-berlin.de/bizer/bsbm/v01/instances/ProductFeature665
http://www4.wiwiss.fu-berlin.de/bizer/bsbm/v01/instances/dataFromProducer161/Product7689;http://www4.wiwiss.fu-berlin.de/bizer/bsbm/v01/vocabulary/productFeature;http://www4.wiwiss.fu-berlin.de/bizer/bsbm/v01/instances/ProductFeature670
http://www4.wiwiss.fu-berlin.de/bizer/bsbm/v01/instances/dataFromProducer161/Product7689;http://www4.wiwiss.fu-berlin.de/bizer/bsbm/v01/vocabulary/productFeature;http://www4.wiwiss.fu-berlin.de/bizer/bsbm/v01/instances/ProductFeature673
http://www4.wiwiss.fu-berlin.de/bizer/bsbm/v01/instances/dataFromProducer161/Product7689;http://www4.wiwiss.fu-berlin.de/bizer/bsbm/v01/vocabulary/productFeature;http://www4.wiwiss.fu-berlin.de/bizer/bsbm/v01/instances/ProductFeature674
http://www4.wiwiss.fu-berlin.de/bizer/bsbm/v01/instances/dataFromProducer161/Product7689;http://www4.wiwiss.fu-berlin.de/bizer/bsbm/v01/vocabulary/productFeature;http://www4.wiwiss.fu-berlin.de/bizer/bsbm/v01/instances/ProductFeature25
http://www4.wiwiss.fu-berlin.de/bizer/bsbm/v01/instances/dataFromProducer161/Product7689;http://www4.wiwiss.fu-berlin.de/bizer/bsbm/v01/vocabulary/productFeature;http://www4.wiwiss.fu-berlin.de/bizer/bsbm/v01/instances/ProductFeature27
http://www4.wiwiss.fu-berlin.de/bizer/bsbm/v01/instances/dataFromProducer161/Product7689;http://www4.wiwiss.fu-berlin.de/bizer/bsbm/v01/vocabulary/productFeature;http://www4.wiwiss.fu-berlin.de/bizer/bsbm/v01/instances/ProductFeature31
http://www4.wiwiss.fu-berlin.de/bizer/bsbm/v01/instances/dataFromProducer161/Product7689;http://www4.wiwiss.fu-berlin.de/bizer/bsbm/v01/vocabulary/productFeature;http://www4.wiwiss.fu-berlin.de/bizer/bsbm/v01/instances/ProductFeature35
http://www4.wiwiss.fu-berlin.de/bizer/bsbm/v01/instances/dataFromProducer161/Product7689;http://www4.wiwiss.fu-berlin.de/bizer/bsbm/v01/vocabulary/productFeature;http://www4.wiwiss.fu-berlin.de/bizer/bsbm/v01/instances/ProductFeature37
http://www4.wiwiss.fu-berlin.de/bizer/bsbm/v01/instances/dataFromProducer161/Product7689;http://www4.wiwiss.fu-berlin.de/bizer/bsbm/v01/vocabulary/producer;http://www4.wiwiss.fu-berlin.de/bizer/bsbm/v01/instances/dataFromProducer161/Producer161
http://www4.wiwiss.fu-berlin.de/bizer/bsbm/v01/instances/dataFromProducer161/Product7689;http://purl.org/dc/elements/1.1/publisher;http://www4.wiwiss.fu-berlin.de/bizer/bsbm/v01/instances/dataFromProducer161/Producer161
http://www4.wiwiss.fu-berlin.de/bizer/bsbm/v01/instances/dataFromProducer161/Product7689;http://purl.org/dc/elements/1.1/date;2005-09-12
http://www4.wiwiss.fu-berlin.de/bizer/bsbm/v01/instances/dataFromProducer98/Product4639;http://www.w3.org/1999/02/22-rdf-syntax-ns#type;http://www4.wiwiss.fu-berlin.de/bizer/bsbm/v01/vocabulary/Product
http://www4.wiwiss.fu-berlin.de/bizer/bsbm/v01/instances/dataFromProducer98/Product4639;http://www.w3.org/1999/02/22-rdf-syntax-ns#type;http://www4.wiwiss.fu-berlin.de/bizer/bsbm/v01/instances/ProductType150
http://www4.wiwiss.fu-berlin.de/bizer/bsbm/v01/instances/dataFromProducer98/Product4639;http://www.w3.org/2000/01/rdf-schema#label;benumbed
http://www4.wiwiss.fu-berlin.de/bizer/bsbm/v01/instances/dataFromProducer98/Product4639;http://www.w3.org/2000/01/rdf-schema#comment;balbriggan scruffs isotopes cupbearer chemosensitivity alarming duckier vitiation masoned natter prompted cooped untraceable polymerically outpourings waiter hermeneutical egoisms marish aggressors blackjacked transferal commendably glamoured grassers folia sensitizing nitpicked adaptively awayness fricasseeing asks butting misnumber abeyancy maqui spoiler slippy humorlessness melancholic prefabricates nominately farcy dales keratin slogans desex switchyard accurse theorems lense washings colombian clientless headphones unworked philippics reacquisition demurrals groschen pretexts exquisiteness winish silkscreened expatiators transitional ancestries xenocryst servomechanisms hummers runaround stopovers reddens itemization voyeuristic shufflers bicyclers killings obliterations thorax hatful pretzel cravings wrongfully suburbanite vitamines wrongest blanked orison spurting wheyish maddens rebuilding reproves impersonation enzymically elaborates atrial northeaster engramme performer thermostats torturer esquires unsteadiness liefer emaciation dubonnets prams grandmaternal ransacked zincite woos leanings throws rancher burnet cuscus jennets measurements featheredges pillowed duller glyptic nonresident skillfully enroll epistler tabletted gazeboes heinie bipeds gynarchy reuniters clept scintillated
http://www4.wiwiss.fu-berlin.de/bizer/bsbm/v01/instances/dataFromProducer98/Product4639;http://www4.wiwiss.fu-berlin.de/bizer/bsbm/v01/vocabulary/productPropertyNumeric1;170
http://www4.wiwiss.fu-berlin.de/bizer/bsbm/v01/instances/dataFromProducer98/Product4639;http://www4.wiwiss.fu-berlin.de/bizer/bsbm/v01/vocabulary/productPropertyNumeric2;1067
http://www4.wiwiss.fu-berlin.de/bizer/bsbm/v01/instances/dataFromProducer98/Product4639;http://www4.wiwiss.fu-berlin.de/bizer/bsbm/v01/vocabulary/productPropertyNumeric3;823
http://www4.wiwiss.fu-berlin.de/bizer/bsbm/v01/instances/dataFromProducer98/Product4639;http://www4.wiwiss.fu-berlin.de/bizer/bsbm/v01/vocabulary/productPropertyTextual1;permissiveness expectorating nonidiomatic corporally
http://www4.wiwiss.fu-berlin.de/bizer/bsbm/v01/instances/dataFromProducer98/Product4639;http://www4.wiwiss.fu-berlin.de/bizer/bsbm/v01/vocabulary/productPropertyTextual2;ploy conveyable middleweights intermediating nonempty
http://www4.wiwiss.fu-berlin.de/bizer/bsbm/v01/instances/dataFromProducer98/Product4639;http://www4.wiwiss.fu-berlin.de/bizer/bsbm/v01/vocabulary/productPropertyTextual3;squares imperials amnestying memorialize modifiableness matadors deferment perceptibly sepulchers
http://www4.wiwiss.fu-berlin.de/bizer/bsbm/v01/instances/dataFromProducer98/Product4639;http://www4.wiwiss.fu-berlin.de/bizer/bsbm/v01/vocabulary/productFeature;http://www4.wiwiss.fu-berlin.de/bizer/bsbm/v01/instances/ProductFeature4673
http://www4.wiwiss.fu-berlin.de/bizer/bsbm/v01/instances/dataFromProducer98/Product4639;http://www4.wiwiss.fu-berlin.de/bizer/bsbm/v01/vocabulary/productFeature;http://www4.wiwiss.fu-berlin.de/bizer/bsbm/v01/instances/ProductFeature4676
http://www4.wiwiss.fu-berlin.de/bizer/bsbm/v01/instances/dataFromProducer98/Product4639;http://www4.wiwiss.fu-berlin.de/bizer/bsbm/v01/vocabulary/productFeature;http://www4.wiwiss.fu-berlin.de/bizer/bsbm/v01/instances/ProductFeature4678
http://www4.wiwiss.fu-berlin.de/bizer/bsbm/v01/instances/dataFromProducer98/Product4639;http://www4.wiwiss.fu-berlin.de/bizer/bsbm/v01/vocabulary/productFeature;http://www4.wiwiss.fu-berlin.de/bizer/bsbm/v01/instances/ProductFeature4687
http://www4.wiwiss.fu-berlin.de/bizer/bsbm/v01/instances/dataFromProducer98/Product4639;http://www4.wiwiss.fu-berlin.de/bizer/bsbm/v01/vocabulary/productFeature;http://www4.wiwiss.fu-berlin.de/bizer/bsbm/v01/instances/ProductFeature4690
http://www4.wiwiss.fu-berlin.de/bizer/bsbm/v01/instances/dataFromProducer98/Product4639;http://www4.wiwiss.fu-berlin.de/bizer/bsbm/v01/vocabulary/productFeature;http://www4.wiwiss.fu-berlin.de/bizer/bsbm/v01/instances/ProductFeature4696
http://www4.wiwiss.fu-berlin.de/bizer/bsbm/v01/instances/dataFromProducer98/Product4639;http://www4.wiwiss.fu-berlin.de/bizer/bsbm/v01/vocabulary/productFeature;http://www4.wiwiss.fu-berlin.de/bizer/bsbm/v01/instances/ProductFeature4703
http://www4.wiwiss.fu-berlin.de/bizer/bsbm/v01/instances/dataFromProducer98/Product4639;http://www4.wiwiss.fu-berlin.de/bizer/bsbm/v01/vocabulary/productFeature;http://www4.wiwiss.fu-berlin.de/bizer/bsbm/v01/instances/ProductFeature794
http://www4.wiwiss.fu-berlin.de/bizer/bsbm/v01/instances/dataFromProducer98/Product4639;http://www4.wiwiss.fu-berlin.de/bizer/bsbm/v01/vocabulary/productFeature;http://www4.wiwiss.fu-berlin.de/bizer/bsbm/v01/instances/ProductFeature795
http://www4.wiwiss.fu-berlin.de/bizer/bsbm/v01/instances/dataFromProducer98/Product4639;http://www4.wiwiss.fu-berlin.de/bizer/bsbm/v01/vocabulary/productFeature;http://www4.wiwiss.fu-berlin.de/bizer/bsbm/v01/instances/ProductFeature796
http://www4.wiwiss.fu-berlin.de/bizer/bsbm/v01/instances/dataFromProducer98/Product4639;http://www4.wiwiss.fu-berlin.de/bizer/bsbm/v01/vocabulary/productFeature;http://www4.wiwiss.fu-berlin.de/bizer/bsbm/v01/instances/ProductFeature802
http://www4.wiwiss.fu-berlin.de/bizer/bsbm/v01/instances/dataFromProducer98/Product4639;http://www4.wiwiss.fu-berlin.de/bizer/bsbm/v01/vocabulary/productFeature;http://www4.wiwiss.fu-berlin.de/bizer/bsbm/v01/instances/ProductFeature810
http://www4.wiwiss.fu-berlin.de/bizer/bsbm/v01/instances/dataFromProducer98/Product4639;http://www4.wiwiss.fu-berlin.de/bizer/bsbm/v01/vocabulary/productFeature;http://www4.wiwiss.fu-berlin.de/bizer/bsbm/v01/instances/ProductFeature812
http://www4.wiwiss.fu-berlin.de/bizer/bsbm/v01/instances/dataFromProducer98/Product4639;http://www4.wiwiss.fu-berlin.de/bizer/bsbm/v01/vocabulary/productFeature;http://www4.wiwiss.fu-berlin.de/bizer/bsbm/v01/instances/ProductFeature813
http://www4.wiwiss.fu-berlin.de/bizer/bsbm/v01/instances/dataFromProducer98/Product4639;http://www4.wiwiss.fu-berlin.de/bizer/bsbm/v01/vocabulary/productFeature;http://www4.wiwiss.fu-berlin.de/bizer/bsbm/v01/instances/ProductFeature814
http://www4.wiwiss.fu-berlin.de/bizer/bsbm/v01/instances/dataFromProducer98/Product4639;http://www4.wiwiss.fu-berlin.de/bizer/bsbm/v01/vocabulary/productFeature;http://www4.wiwiss.fu-berlin.de/bizer/bsbm/v01/instances/ProductFeature817
http://www4.wiwiss.fu-berlin.de/bizer/bsbm/v01/instances/dataFromProducer98/Product4639;http://www4.wiwiss.fu-berlin.de/bizer/bsbm/v01/vocabulary/productFeature;http://www4.wiwiss.fu-berlin.de/bizer/bsbm/v01/instances/ProductFeature819
http://www4.wiwiss.fu-berlin.de/bizer/bsbm/v01/instances/dataFromProducer98/Product4639;http://www4.wiwiss.fu-berlin.de/bizer/bsbm/v01/vocabulary/productFeature;http://www4.wiwiss.fu-berlin.de/bizer/bsbm/v01/instances/ProductFeature820
http://www4.wiwiss.fu-berlin.de/bizer/bsbm/v01/instances/dataFromProducer98/Product4639;http://www4.wiwiss.fu-berlin.de/bizer/bsbm/v01/vocabulary/productFeature;http://www4.wiwiss.fu-berlin.de/bizer/bsbm/v01/instances/ProductFeature823
http://www4.wiwiss.fu-berlin.de/bizer/bsbm/v01/instances/dataFromProducer98/Product4639;http://www4.wiwiss.fu-berlin.de/bizer/bsbm/v01/vocabulary/productFeature;http://www4.wiwiss.fu-berlin.de/bizer/bsbm/v01/instances/ProductFeature827
http://www4.wiwiss.fu-berlin.de/bizer/bsbm/v01/instances/dataFromProducer98/Product4639;http://www4.wiwiss.fu-berlin.de/bizer/bsbm/v01/vocabulary/productFeature;http://www4.wiwiss.fu-berlin.de/bizer/bsbm/v01/instances/ProductFeature828
http://www4.wiwiss.fu-berlin.de/bizer/bsbm/v01/instances/dataFromProducer98/Product4639;http://www4.wiwiss.fu-berlin.de/bizer/bsbm/v01/vocabulary/productFeature;http://www4.wiwiss.fu-berlin.de/bizer/bsbm/v01/instances/ProductFeature39
http://www4.wiwiss.fu-berlin.de/bizer/bsbm/v01/instances/dataFromProducer98/Product4639;http://www4.wiwiss.fu-berlin.de/bizer/bsbm/v01/vocabulary/productFeature;http://www4.wiwiss.fu-berlin.de/bizer/bsbm/v01/instances/ProductFeature43
http://www4.wiwiss.fu-berlin.de/bizer/bsbm/v01/instances/dataFromProducer98/Product4639;http://www4.wiwiss.fu-berlin.de/bizer/bsbm/v01/vocabulary/productFeature;http://www4.wiwiss.fu-berlin.de/bizer/bsbm/v01/instances/ProductFeature44
http://www4.wiwiss.fu-berlin.de/bizer/bsbm/v01/instances/dataFromProducer98/Product4639;http://www4.wiwiss.fu-berlin.de/bizer/bsbm/v01/vocabulary/productFeature;http://www4.wiwiss.fu-berlin.de/bizer/bsbm/v01/instances/ProductFeature46
http://www4.wiwiss.fu-berlin.de/bizer/bsbm/v01/instances/dataFromProducer98/Product4639;http://www4.wiwiss.fu-berlin.de/bizer/bsbm/v01/vocabulary/productFeature;http://www4.wiwiss.fu-berlin.de/bizer/bsbm/v01/instances/ProductFeature47
http://www4.wiwiss.fu-berlin.de/bizer/bsbm/v01/instances/dataFromProducer98/Product4639;http://www4.wiwiss.fu-berlin.de/bizer/bsbm/v01/vocabulary/productFeature;http://www4.wiwiss.fu-berlin.de/bizer/bsbm/v01/instances/ProductFeature51
http://www4.wiwiss.fu-berlin.de/bizer/bsbm/v01/instances/dataFromProducer98/Product4639;http://www4.wiwiss.fu-berlin.de/bizer/bsbm/v01/vocabulary/productFeature;http://www4.wiwiss.fu-berlin.de/bizer/bsbm/v01/instances/ProductFeature53
http://www4.wiwiss.fu-berlin.de/bizer/bsbm/v01/instances/dataFromProducer98/Product4639;http://www4.wiwiss.fu-berlin.de/bizer/bsbm/v01/vocabulary/producer;http://www4.wiwiss.fu-berlin.de/bizer/bsbm/v01/instances/dataFromProducer98/Producer98
http://www4.wiwiss.fu-berlin.de/bizer/bsbm/v01/instances/dataFromProducer98/Product4639;http://purl.org/dc/elements/1.1/publisher;http://www4.wiwiss.fu-berlin.de/bizer/bsbm/v01/instances/dataFromProducer98/Producer98
http://www4.wiwiss.fu-berlin.de/bizer/bsbm/v01/instances/dataFromProducer98/Product4639;http://purl.org/dc/elements/1.1/date;2004-07-04
http://www4.wiwiss.fu-berlin.de/bizer/bsbm/v01/instances/dataFromProducer194/Product9433;http://www.w3.org/1999/02/22-rdf-syntax-ns#type;http://www4.wiwiss.fu-berlin.de/bizer/bsbm/v01/vocabulary/Product
http://www4.wiwiss.fu-berlin.de/bizer/bsbm/v01/instances/dataFromProducer194/Product9433;http://www.w3.org/1999/02/22-rdf-syntax-ns#type;http://www4.wiwiss.fu-berlin.de/bizer/bsbm/v01/instances/ProductType246
http://www4.wiwiss.fu-berlin.de/bizer/bsbm/v01/instances/dataFromProducer194/Product9433;http://www.w3.org/2000/01/rdf-schema#label;selenography
http://www4.wiwiss.fu-berlin.de/bizer/bsbm/v01/instances/dataFromProducer194/Product9433;http://www.w3.org/2000/01/rdf-schema#comment;slimes loaners purebred windshields pusses hesitantly cloths tightest scraggiest evilly insulted bookplates amtrack salvagees pralines skunks prelims adjusted ceremonies boldfacing sociables ungainliness inexecutable becalms tackled affiliating germanized curative indictment headsets accouterments sluggards gourmandize contes glengarry burundians trueborn reds recleans juster daemonic hats adolf hatchback rankles bullwhip hollows thiosulfate trumperies indianian unallayed yogini cached stinted chints peripheries preamplifier workwoman transitoriness chaffinch separatism adulating pensioner indicated nobeliums natured kneaded goggling minifying guineas rebec hispano minuted microphone expectorators disappointment breakfronts heinous efficaciously lyricisms makework silicosis dyers victualed skald sylphs clubs underhandedness throning mimeoed hagiography flenches nightman supertaxes cupboards accouters obeyed orgastic sicker volitionally buttony fubbing hoofers basinets coccyx extemporize woolliest serenities grudger trunnels presidencies leasing hearkening shantis grinder agapae beadworks cabbaged curates constable gruelers hallmarks acetify touchiness capelan energized deceivers projects somnolence situates fancying perceives disarranging amoeboid gunpoints cossacks uncorroborated reincarnated redistricted
http://www4.wiwiss.fu-berlin.de/bizer/bsbm/v01/instances/dataFromProducer194/Product9433;http://www4.wiwiss.fu-berlin.de/bizer/bsbm/v01/vocabulary/productPropertyNumeric1;580
http://www4.wiwiss.fu-berlin.de/bizer/bsbm/v01/instances/dataFromProducer194/Product9433;http://www4.wiwiss.fu-berlin.de/bizer/bsbm/v01/vocabulary/productPropertyNumeric2;385
http://www4.wiwiss.fu-berlin.de/bizer/bsbm/v01/instances/dataFromProducer194/Product9433;http://www4.wiwiss.fu-berlin.de/bizer/bsbm/v01/vocabulary/productPropertyNumeric3;1258
http://www4.wiwiss.fu-berlin.de/bizer/bsbm/v01/instances/dataFromProducer194/Product9433;http://www4.wiwiss.fu-berlin.de/bizer/bsbm/v01/vocabulary/productPropertyNumeric6;1568
http://www4.wiwiss.fu-berlin.de/bizer/bsbm/v01/instances/dataFromProducer194/Product9433;http://www4.wiwiss.fu-berlin.de/bizer/bsbm/v01/vocabulary/productPropertyTextual1;enshrouded cutlasses liney meddled mortality reentries phenacetin scatters kookie
http://www4.wiwiss.fu-berlin.de/bizer/bsbm/v01/instances/dataFromProducer194/Product9433;http://www4.wiwiss.fu-berlin.de/bizer/bsbm/v01/vocabulary/productPropertyTextual2;goosier herbariums earthworms commitment endower mirroring vitalized
http://www4.wiwiss.fu-berlin.de/bizer/bsbm/v01/instances/dataFromProducer194/Product9433;http://www4.wiwiss.fu-berlin.de/bizer/bsbm/v01/vocabulary/productPropertyTextual3;applicators successorship bugbane judder harmonizers archimandrite purisms xxii furcular slimness choreographing stupidly superlatively
http://www4.wiwiss.fu-berlin.de/bizer/bsbm/v01/instances/dataFromProducer194/Product9433;http://www4.wiwiss.fu-berlin.de/bizer/bsbm/v01/vocabulary/productFeature;http://www4.wiwiss.fu-berlin.de/bizer/bsbm/v01/instances/ProductFeature7838
http://www4.wiwiss.fu-berlin.de/bizer/bsbm/v01/instances/dataFromProducer194/Product9433;http://www4.wiwiss.fu-berlin.de/bizer/bsbm/v01/vocabulary/productFeature;http://www4.wiwiss.fu-berlin.de/bizer/bsbm/v01/instances/ProductFeature7840
http://www4.wiwiss.fu-berlin.de/bizer/bsbm/v01/instances/dataFromProducer194/Product9433;http://www4.wiwiss.fu-berlin.de/bizer/bsbm/v01/vocabulary/productFeature;http://www4.wiwiss.fu-berlin.de/bizer/bsbm/v01/instances/ProductFeature7842
http://www4.wiwiss.fu-berlin.de/bizer/bsbm/v01/instances/dataFromProducer194/Product9433;http://www4.wiwiss.fu-berlin.de/bizer/bsbm/v01/vocabulary/productFeature;http://www4.wiwiss.fu-berlin.de/bizer/bsbm/v01/instances/ProductFeature7844
http://www4.wiwiss.fu-berlin.de/bizer/bsbm/v01/instances/dataFromProducer194/Product9433;http://www4.wiwiss.fu-berlin.de/bizer/bsbm/v01/vocabulary/productFeature;http://www4.wiwiss.fu-berlin.de/bizer/bsbm/v01/instances/ProductFeature7846
http://www4.wiwiss.fu-berlin.de/bizer/bsbm/v01/instances/dataFromProducer194/Product9433;http://www4.wiwiss.fu-berlin.de/bizer/bsbm/v01/vocabulary/productFeature;http://www4.wiwiss.fu-berlin.de/bizer/bsbm/v01/instances/ProductFeature7849
http://www4.wiwiss.fu-berlin.de/bizer/bsbm/v01/instances/dataFromProducer194/Product9433;http://www4.wiwiss.fu-berlin.de/bizer/bsbm/v01/vocabulary/productFeature;http://www4.wiwiss.fu-berlin.de/bizer/bsbm/v01/instances/ProductFeature7855
http://www4.wiwiss.fu-berlin.de/bizer/bsbm/v01/instances/dataFromProducer194/Product9433;http://www4.wiwiss.fu-berlin.de/bizer/bsbm/v01/vocabulary/productFeature;http://www4.wiwiss.fu-berlin.de/bizer/bsbm/v01/instances/ProductFeature7856
http://www4.wiwiss.fu-berlin.de/bizer/bsbm/v01/instances/dataFromProducer194/Product9433;http://www4.wiwiss.fu-berlin.de/bizer/bsbm/v01/vocabulary/productFeature;http://www4.wiwiss.fu-berlin.de/bizer/bsbm/v01/instances/ProductFeature7858
http://www4.wiwiss.fu-berlin.de/bizer/bsbm/v01/instances/dataFromProducer194/Product9433;http://www4.wiwiss.fu-berlin.de/bizer/bsbm/v01/vocabulary/productFeature;http://www4.wiwiss.fu-berlin.de/bizer/bsbm/v01/instances/ProductFeature7859
http://www4.wiwiss.fu-berlin.de/bizer/bsbm/v01/instances/dataFromProducer194/Product9433;http://www4.wiwiss.fu-berlin.de/bizer/bsbm/v01/vocabulary/productFeature;http://www4.wiwiss.fu-berlin.de/bizer/bsbm/v01/instances/ProductFeature7860
http://www4.wiwiss.fu-berlin.de/bizer/bsbm/v01/instances/dataFromProducer194/Product9433;http://www4.wiwiss.fu-berlin.de/bizer/bsbm/v01/vocabulary/productFeature;http://www4.wiwiss.fu-berlin.de/bizer/bsbm/v01/instances/ProductFeature7862
http://www4.wiwiss.fu-berlin.de/bizer/bsbm/v01/instances/dataFromProducer194/Product9433;http://www4.wiwiss.fu-berlin.de/bizer/bsbm/v01/vocabulary/productFeature;http://www4.wiwiss.fu-berlin.de/bizer/bsbm/v01/instances/ProductFeature7867
http://www4.wiwiss.fu-berlin.de/bizer/bsbm/v01/instances/dataFromProducer194/Product9433;http://www4.wiwiss.fu-berlin.de/bizer/bsbm/v01/vocabulary/productFeature;http://www4.wiwiss.fu-berlin.de/bizer/bsbm/v01/instances/ProductFeature7869
http://www4.wiwiss.fu-berlin.de/bizer/bsbm/v01/instances/dataFromProducer194/Product9433;http://www4.wiwiss.fu-berlin.de/bizer/bsbm/v01/vocabulary/productFeature;http://www4.wiwiss.fu-berlin.de/bizer/bsbm/v01/instances/ProductFeature7871
http://www4.wiwiss.fu-berlin.de/bizer/bsbm/v01/instances/dataFromProducer194/Product9433;http://www4.wiwiss.fu-berlin.de/bizer/bsbm/v01/vocabulary/productFeature;http://www4.wiwiss.fu-berlin.de/bizer/bsbm/v01/instances/ProductFeature1564
http://www4.wiwiss.fu-berlin.de/bizer/bsbm/v01/instances/dataFromProducer194/Product9433;http://www4.wiwiss.fu-berlin.de/bizer/bsbm/v01/vocabulary/productFeature;http://www4.wiwiss.fu-berlin.de/bizer/bsbm/v01/instances/ProductFeature1568
http://www4.wiwiss.fu-berlin.de/bizer/bsbm/v01/instances/dataFromProducer194/Product9433;http://www4.wiwiss.fu-berlin.de/bizer/bsbm/v01/vocabulary/productFeature;http://www4.wiwiss.fu-berlin.de/bizer/bsbm/v01/instances/ProductFeature1570
http://www4.wiwiss.fu-berlin.de/bizer/bsbm/v01/instances/dataFromProducer194/Product9433;http://www4.wiwiss.fu-berlin.de/bizer/bsbm/v01/vocabulary/productFeature;http://www4.wiwiss.fu-berlin.de/bizer/bsbm/v01/instances/ProductFeature1575
http://www4.wiwiss.fu-berlin.de/bizer/bsbm/v01/instances/dataFromProducer194/Product9433;http://www4.wiwiss.fu-berlin.de/bizer/bsbm/v01/vocabulary/productFeature;http://www4.wiwiss.fu-berlin.de/bizer/bsbm/v01/instances/ProductFeature1576
http://www4.wiwiss.fu-berlin.de/bizer/bsbm/v01/instances/dataFromProducer194/Product9433;http://www4.wiwiss.fu-berlin.de/bizer/bsbm/v01/vocabulary/productFeature;http://www4.wiwiss.fu-berlin.de/bizer/bsbm/v01/instances/ProductFeature1579
http://www4.wiwiss.fu-berlin.de/bizer/bsbm/v01/instances/dataFromProducer194/Product9433;http://www4.wiwiss.fu-berlin.de/bizer/bsbm/v01/vocabulary/productFeature;http://www4.wiwiss.fu-berlin.de/bizer/bsbm/v01/instances/ProductFeature1580
http://www4.wiwiss.fu-berlin.de/bizer/bsbm/v01/instances/dataFromProducer194/Product9433;http://www4.wiwiss.fu-berlin.de/bizer/bsbm/v01/vocabulary/productFeature;http://www4.wiwiss.fu-berlin.de/bizer/bsbm/v01/instances/ProductFeature1581
http://www4.wiwiss.fu-berlin.de/bizer/bsbm/v01/instances/dataFromProducer194/Product9433;http://www4.wiwiss.fu-berlin.de/bizer/bsbm/v01/vocabulary/productFeature;http://www4.wiwiss.fu-berlin.de/bizer/bsbm/v01/instances/ProductFeature1583
http://www4.wiwiss.fu-berlin.de/bizer/bsbm/v01/instances/dataFromProducer194/Product9433;http://www4.wiwiss.fu-berlin.de/bizer/bsbm/v01/vocabulary/productFeature;http://www4.wiwiss.fu-berlin.de/bizer/bsbm/v01/instances/ProductFeature99
http://www4.wiwiss.fu-berlin.de/bizer/bsbm/v01/instances/dataFromProducer194/Product9433;http://www4.wiwiss.fu-berlin.de/bizer/bsbm/v01/vocabulary/productFeature;http://www4.wiwiss.fu-berlin.de/bizer/bsbm/v01/instances/ProductFeature102
http://www4.wiwiss.fu-berlin.de/bizer/bsbm/v01/instances/dataFromProducer194/Product9433;http://www4.wiwiss.fu-berlin.de/bizer/bsbm/v01/vocabulary/productFeature;http://www4.wiwiss.fu-berlin.de/bizer/bsbm/v01/instances/ProductFeature116
http://www4.wiwiss.fu-berlin.de/bizer/bsbm/v01/instances/dataFromProducer194/Product9433;http://www4.wiwiss.fu-berlin.de/bizer/bsbm/v01/vocabulary/producer;http://www4.wiwiss.fu-berlin.de/bizer/bsbm/v01/instances/dataFromProducer194/Producer194
http://www4.wiwiss.fu-berlin.de/bizer/bsbm/v01/instances/dataFromProducer194/Product9433;http://purl.org/dc/elements/1.1/publisher;http://www4.wiwiss.fu-berlin.de/bizer/bsbm/v01/instances/dataFromProducer194/Producer194
http://www4.wiwiss.fu-berlin.de/bizer/bsbm/v01/instances/dataFromProducer194/Product9433;http://purl.org/dc/elements/1.1/date;2006-02-09
http://www4.wiwiss.fu-berlin.de/bizer/bsbm/v01/instances/dataFromProducer177/Product8565;http://www.w3.org/1999/02/22-rdf-syntax-ns#type;http://www4.wiwiss.fu-berlin.de/bizer/bsbm/v01/vocabulary/Product
http://www4.wiwiss.fu-berlin.de/bizer/bsbm/v01/instances/dataFromProducer177/Product8565;http://www.w3.org/1999/02/22-rdf-syntax-ns#type;http://www4.wiwiss.fu-berlin.de/bizer/bsbm/v01/instances/ProductType148
http://www4.wiwiss.fu-berlin.de/bizer/bsbm/v01/instances/dataFromProducer177/Product8565;http://www.w3.org/2000/01/rdf-schema#label;bedevilment hounded
http://www4.wiwiss.fu-berlin.de/bizer/bsbm/v01/instances/dataFromProducer177/Product8565;http://www.w3.org/2000/01/rdf-schema#comment;lecithins nulliparous cultures jackknives demographers invigorations unrelenting campier grading imperials squeakers inflamers inducements bemire skitter pows crossing nears misterm roundish tweeters dekares metazoan giveaways prophetesses chuffs humidor smothering bisector landmasses cardigans trusteeship explosiveness florescence transverses mungoose mesozoan premolar symmetrically airports flashlights snubs uncondensed casualties lifer incorrectness renovator graded cranched determinists noneducable isomorphism heartless reglazed sounds thumbtacked gazebos westmost mealtimes stockbroking criterions noncommunicative chirpily heartened fordless lookups toggler looniest twilling bossies hollands leavened stators execrations restorals nabobism breaching beanballs floozy hockshops weatherglasses headachy gallstones morphogeneses sidekick melodeons slovaks ghettoing disputer abasedly foehn reveries beanery refiring perihelial syndicating liars statecraft holisms fisting attacked surprized hasenpfeffer elaboration refolded airlifted glimmered restamped luxuriating mainmasts vulnerably regionals citatory schismatize buzzwords burglaries ullages anodal dullard reflectors turbidly precontrives earwaxes liquefiers reuses papule hora misshape spiritualizing trekkers redissolve physiognomist sprayed supineness comped uninjured milkwood regaining drownd
http://www4.wiwiss.fu-berlin.de/bizer/bsbm/v01/instances/dataFromProducer177/Product8565;http://www4.wiwiss.fu-berlin.de/bizer/bsbm/v01/vocabulary/productPropertyNumeric1;544
http://www4.wiwiss.fu-berlin.de/bizer/bsbm/v01/instances/dataFromProducer177/Product8565;http://www4.wiwiss.fu-berlin.de/bizer/bsbm/v01/vocabulary/productPropertyNumeric2;1177
http://www4.wiwiss.fu-berlin.de/bizer/bsbm/v01/instances/dataFromProducer177/Product8565;http://www4.wiwiss.fu-berlin.de/bizer/bsbm/v01/vocabulary/productPropertyNumeric3;871
http://www4.wiwiss.fu-berlin.de/bizer/bsbm/v01/instances/dataFromProducer177/Product8565;http://www4.wiwiss.fu-berlin.de/bizer/bsbm/v01/vocabulary/productPropertyNumeric4;936
http://www4.wiwiss.fu-berlin.de/bizer/bsbm/v01/instances/dataFromProducer177/Product8565;http://www4.wiwiss.fu-berlin.de/bizer/bsbm/v01/vocabulary/productPropertyNumeric5;1521
http://www4.wiwiss.fu-berlin.de/bizer/bsbm/v01/instances/dataFromProducer177/Product8565;http://www4.wiwiss.fu-berlin.de/bizer/bsbm/v01/vocabulary/productPropertyTextual1;drably gristliest execs singled
http://www4.wiwiss.fu-berlin.de/bizer/bsbm/v01/instances/dataFromProducer177/Product8565;http://www4.wiwiss.fu-berlin.de/bizer/bsbm/v01/vocabulary/productPropertyTextual2;galoot nacreous capitally prehistorically logistician exhuming ketonuria plaints assumer refreshing gats swayable
http://www4.wiwiss.fu-berlin.de/bizer/bsbm/v01/instances/dataFromProducer177/Product8565;http://www4.wiwiss.fu-berlin.de/bizer/bsbm/v01/vocabulary/productPropertyTextual3;grifter castaways skateboarders winterly distillates bonnyclabber privations judgmatic motorways
http://www4.wiwiss.fu-berlin.de/bizer/bsbm/v01/instances/dataFromProducer177/Product8565;http://www4.wiwiss.fu-berlin.de/bizer/bsbm/v01/vocabulary/productPropertyTextual4;presentiment dutifully cerates depictions censuses decalcifying distich pilferer proselytizer signore tenaciously
http://www4.wiwiss.fu-berlin.de/bizer/bsbm/v01/instances/dataFromProducer177/Product8565;http://www4.wiwiss.fu-berlin.de/bizer/bsbm/v01/vocabulary/productPropertyTextual5;enfeebling antiinsurrectionists collaborationist clinkering larding piecework phenological senates bruins adoptabilities approacher balkiest tickers groups leukocyte
http://www4.wiwiss.fu-berlin.de/bizer/bsbm/v01/instances/dataFromProducer177/Product8565;http://www4.wiwiss.fu-berlin.de/bizer/bsbm/v01/vocabulary/productFeature;http://www4.wiwiss.fu-berlin.de/bizer/bsbm/v01/instances/ProductFeature4617
http://www4.wiwiss.fu-berlin.de/bizer/bsbm/v01/instances/dataFromProducer177/Product8565;http://www4.wiwiss.fu-berlin.de/bizer/bsbm/v01/vocabulary/productFeature;http://www4.wiwiss.fu-berlin.de/bizer/bsbm/v01/instances/ProductFeature4620
http://www4.wiwiss.fu-berlin.de/bizer/bsbm/v01/instances/dataFromProducer177/Product8565;http://www4.wiwiss.fu-berlin.de/bizer/bsbm/v01/vocabulary/productFeature;http://www4.wiwiss.fu-berlin.de/bizer/bsbm/v01/instances/ProductFeature4622
http://www4.wiwiss.fu-berlin.de/bizer/bsbm/v01/instances/dataFromProducer177/Product8565;http://www4.wiwiss.fu-berlin.de/bizer/bsbm/v01/vocabulary/productFeature;http://www4.wiwiss.fu-berlin.de/bizer/bsbm/v01/instances/ProductFeature4625
http://www4.wiwiss.fu-berlin.de/bizer/bsbm/v01/instances/dataFromProducer177/Product8565;http://www4.wiwiss.fu-berlin.de/bizer/bsbm/v01/vocabulary/productFeature;http://www4.wiwiss.fu-berlin.de/bizer/bsbm/v01/instances/ProductFeature4631
http://www4.wiwiss.fu-berlin.de/bizer/bsbm/v01/instances/dataFromProducer177/Product8565;http://www4.wiwiss.fu-berlin.de/bizer/bsbm/v01/vocabulary/productFeature;http://www4.wiwiss.fu-berlin.de/bizer/bsbm/v01/instances/ProductFeature4634
http://www4.wiwiss.fu-berlin.de/bizer/bsbm/v01/instances/dataFromProducer177/Product8565;http://www4.wiwiss.fu-berlin.de/bizer/bsbm/v01/vocabulary/productFeature;http://www4.wiwiss.fu-berlin.de/bizer/bsbm/v01/instances/ProductFeature4635
http://www4.wiwiss.fu-berlin.de/bizer/bsbm/v01/instances/dataFromProducer177/Product8565;http://www4.wiwiss.fu-berlin.de/bizer/bsbm/v01/vocabulary/productFeature;http://www4.wiwiss.fu-berlin.de/bizer/bsbm/v01/instances/ProductFeature765
http://www4.wiwiss.fu-berlin.de/bizer/bsbm/v01/instances/dataFromProducer177/Product8565;http://www4.wiwiss.fu-berlin.de/bizer/bsbm/v01/vocabulary/productFeature;http://www4.wiwiss.fu-berlin.de/bizer/bsbm/v01/instances/ProductFeature766
http://www4.wiwiss.fu-berlin.de/bizer/bsbm/v01/instances/dataFromProducer177/Product8565;http://www4.wiwiss.fu-berlin.de/bizer/bsbm/v01/vocabulary/productFeature;http://www4.wiwiss.fu-berlin.de/bizer/bsbm/v01/instances/ProductFeature772
http://www4.wiwiss.fu-berlin.de/bizer/bsbm/v01/instances/dataFromProducer177/Product8565;http://www4.wiwiss.fu-berlin.de/bizer/bsbm/v01/vocabulary/productFeature;http://www4.wiwiss.fu-berlin.de/bizer/bsbm/v01/instances/ProductFeature780
http://www4.wiwiss.fu-berlin.de/bizer/bsbm/v01/instances/dataFromProducer177/Product8565;http://www4.wiwiss.fu-berlin.de/bizer/bsbm/v01/vocabulary/productFeature;http://www4.wiwiss.fu-berlin.de/bizer/bsbm/v01/instances/ProductFeature782
http://www4.wiwiss.fu-berlin.de/bizer/bsbm/v01/instances/dataFromProducer177/Product8565;http://www4.wiwiss.fu-berlin.de/bizer/bsbm/v01/vocabulary/productFeature;http://www4.wiwiss.fu-berlin.de/bizer/bsbm/v01/instances/ProductFeature783
http://www4.wiwiss.fu-berlin.de/bizer/bsbm/v01/instances/dataFromProducer177/Product8565;http://www4.wiwiss.fu-berlin.de/bizer/bsbm/v01/vocabulary/productFeature;http://www4.wiwiss.fu-berlin.de/bizer/bsbm/v01/instances/ProductFeature40
http://www4.wiwiss.fu-berlin.de/bizer/bsbm/v01/instances/dataFromProducer177/Product8565;http://www4.wiwiss.fu-berlin.de/bizer/bsbm/v01/vocabulary/productFeature;http://www4.wiwiss.fu-berlin.de/bizer/bsbm/v01/instances/ProductFeature44
http://www4.wiwiss.fu-berlin.de/bizer/bsbm/v01/instances/dataFromProducer177/Product8565;http://www4.wiwiss.fu-berlin.de/bizer/bsbm/v01/vocabulary/productFeature;http://www4.wiwiss.fu-berlin.de/bizer/bsbm/v01/instances/ProductFeature47
http://www4.wiwiss.fu-berlin.de/bizer/bsbm/v01/instances/dataFromProducer177/Product8565;http://www4.wiwiss.fu-berlin.de/bizer/bsbm/v01/vocabulary/productFeature;http://www4.wiwiss.fu-berlin.de/bizer/bsbm/v01/instances/ProductFeature51
http://www4.wiwiss.fu-berlin.de/bizer/bsbm/v01/instances/dataFromProducer177/Product8565;http://www4.wiwiss.fu-berlin.de/bizer/bsbm/v01/vocabulary/productFeature;http://www4.wiwiss.fu-berlin.de/bizer/bsbm/v01/instances/ProductFeature52
http://www4.wiwiss.fu-berlin.de/bizer/bsbm/v01/instances/dataFromProducer177/Product8565;http://www4.wiwiss.fu-berlin.de/bizer/bsbm/v01/vocabulary/producer;http://www4.wiwiss.fu-berlin.de/bizer/bsbm/v01/instances/dataFromProducer177/Producer177
http://www4.wiwiss.fu-berlin.de/bizer/bsbm/v01/instances/dataFromProducer177/Product8565;http://purl.org/dc/elements/1.1/publisher;http://www4.wiwiss.fu-berlin.de/bizer/bsbm/v01/instances/dataFromProducer177/Producer177
http://www4.wiwiss.fu-berlin.de/bizer/bsbm/v01/instances/dataFromProducer177/Product8565;http://purl.org/dc/elements/1.1/date;2003-11-01
