http://www4.wiwiss.fu-berlin.de/bizer/bsbm/v01/instances/dataFrom/Product99;http://www.w3.org/1999/02/22-rdf-syntax-ns#type;http://www4.wiwiss.fu-berlin.de/bizer/bsbm/v01/vocabulary/Product
http://www4.wiwiss.fu-berlin.de/bizer/bsbm/v01/instances/dataFrom/Product99;http://www.w3.org/1999/02/22-rdf-syntax-ns#type;http://www4.wiwiss.fu-berlin.de/bizer/bsbm/v01/instances/ProductType6
http://www4.wiwiss.fu-berlin.de/bizer/bsbm/v01/instances/dataFrom/Product99;http://www.w3.org/2000/01/rdf-schema#label;openings gentled
http://www4.wiwiss.fu-berlin.de/bizer/bsbm/v01/instances/dataFrom/Product99;http://www.w3.org/2000/01/rdf-schema#comment;worms manatees notifiable valium piracies overscrupulously hebrews recessional convocations subjugates pinocchio odorize navajos sucks rules osteitis rhetorics redistricted calumniated nihility laces merchandized pentarch encages relocate paltrily domesticates indoctrinations cunningly intergalactic spreadsheets redundantly titer early gnocchi heftier bypassed nitros authenticating gamic alternateness dentition cussedly nicker unmolested palmer traducements economizes unawaked jogger fitting
http://www4.wiwiss.fu-berlin.de/bizer/bsbm/v01/instances/dataFrom/Product99;http://www4.wiwiss.fu-berlin.de/bizer/bsbm/v01/vocabulary/producer;http://www4.wiwiss.fu-berlin.de/bizer/bsbm/v01/instances/dataFromProducer1/Producer1
http://www4.wiwiss.fu-berlin.de/bizer/bsbm/v01/instances/dataFrom/Product99;http://www4.wiwiss.fu-berlin.de/bizer/bsbm/v01/vocabulary/productPropertyNumeric1;727
http://www4.wiwiss.fu-berlin.de/bizer/bsbm/v01/instances/dataFrom/Product99;http://www4.wiwiss.fu-berlin.de/bizer/bsbm/v01/vocabulary/productPropertyNumeric2;875
http://www4.wiwiss.fu-berlin.de/bizer/bsbm/v01/instances/dataFrom/Product99;http://www4.wiwiss.fu-berlin.de/bizer/bsbm/v01/vocabulary/productPropertyNumeric3;159
http://www4.wiwiss.fu-berlin.de/bizer/bsbm/v01/instances/dataFrom/Product99;http://www4.wiwiss.fu-berlin.de/bizer/bsbm/v01/vocabulary/productPropertyNumeric4;6
http://www4.wiwiss.fu-berlin.de/bizer/bsbm/v01/instances/dataFrom/Product99;http://www4.wiwiss.fu-berlin.de/bizer/bsbm/v01/vocabulary/productPropertyNumeric5;576
http://www4.wiwiss.fu-berlin.de/bizer/bsbm/v01/instances/dataFrom/Product99;http://www4.wiwiss.fu-berlin.de/bizer/bsbm/v01/vocabulary/productPropertyTextual1;menacer drubber amylases
http://www4.wiwiss.fu-berlin.de/bizer/bsbm/v01/instances/dataFrom/Product99;http://www4.wiwiss.fu-berlin.de/bizer/bsbm/v01/vocabulary/productPropertyTextual2;depreciatively presifts simplicities focusers
http://www4.wiwiss.fu-berlin.de/bizer/bsbm/v01/instances/dataFrom/Product99;http://www4.wiwiss.fu-berlin.de/bizer/bsbm/v01/vocabulary/productPropertyTextual3;babyish lording separator unamusing ensky firry outstripped weeweed abscessed merchantmen
http://www4.wiwiss.fu-berlin.de/bizer/bsbm/v01/instances/dataFrom/Product99;http://www4.wiwiss.fu-berlin.de/bizer/bsbm/v01/vocabulary/productPropertyTextual4;dreamland gonad pyrites enigmatically annihilators predicts
http://www4.wiwiss.fu-berlin.de/bizer/bsbm/v01/instances/dataFrom/Product99;http://www4.wiwiss.fu-berlin.de/bizer/bsbm/v01/vocabulary/productPropertyTextual5;unabashed barbwires maoists
http://www4.wiwiss.fu-berlin.de/bizer/bsbm/v01/instances/dataFrom/Product99;http://www4.wiwiss.fu-berlin.de/bizer/bsbm/v01/vocabulary/productFeature;http://www4.wiwiss.fu-berlin.de/bizer/bsbm/v01/instances/ProductFeature184
http://www4.wiwiss.fu-berlin.de/bizer/bsbm/v01/instances/dataFrom/Product99;http://www4.wiwiss.fu-berlin.de/bizer/bsbm/v01/vocabulary/productFeature;http://www4.wiwiss.fu-berlin.de/bizer/bsbm/v01/instances/ProductFeature192
http://www4.wiwiss.fu-berlin.de/bizer/bsbm/v01/instances/dataFrom/Product99;http://www4.wiwiss.fu-berlin.de/bizer/bsbm/v01/vocabulary/productFeature;http://www4.wiwiss.fu-berlin.de/bizer/bsbm/v01/instances/ProductFeature194
http://www4.wiwiss.fu-berlin.de/bizer/bsbm/v01/instances/dataFrom/Product99;http://www4.wiwiss.fu-berlin.de/bizer/bsbm/v01/vocabulary/productFeature;http://www4.wiwiss.fu-berlin.de/bizer/bsbm/v01/instances/ProductFeature199
http://www4.wiwiss.fu-berlin.de/bizer/bsbm/v01/instances/dataFrom/Product99;http://www4.wiwiss.fu-berlin.de/bizer/bsbm/v01/vocabulary/productFeature;http://www4.wiwiss.fu-berlin.de/bizer/bsbm/v01/instances/ProductFeature201
http://www4.wiwiss.fu-berlin.de/bizer/bsbm/v01/instances/dataFrom/Product99;http://www4.wiwiss.fu-berlin.de/bizer/bsbm/v01/vocabulary/productFeature;http://www4.wiwiss.fu-berlin.de/bizer/bsbm/v01/instances/ProductFeature202
http://www4.wiwiss.fu-berlin.de/bizer/bsbm/v01/instances/dataFrom/Product99;http://www4.wiwiss.fu-berlin.de/bizer/bsbm/v01/vocabulary/productFeature;http://www4.wiwiss.fu-berlin.de/bizer/bsbm/v01/instances/ProductFeature203
http://www4.wiwiss.fu-berlin.de/bizer/bsbm/v01/instances/dataFrom/Product99;http://www4.wiwiss.fu-berlin.de/bizer/bsbm/v01/vocabulary/productFeature;http://www4.wiwiss.fu-berlin.de/bizer/bsbm/v01/instances/ProductFeature4
http://www4.wiwiss.fu-berlin.de/bizer/bsbm/v01/instances/dataFrom/Product99;http://www4.wiwiss.fu-berlin.de/bizer/bsbm/v01/vocabulary/productFeature;http://www4.wiwiss.fu-berlin.de/bizer/bsbm/v01/instances/ProductFeature16
http://www4.wiwiss.fu-berlin.de/bizer/bsbm/v01/instances/dataFrom/Product99;http://www4.wiwiss.fu-berlin.de/bizer/bsbm/v01/vocabulary/productFeature;http://www4.wiwiss.fu-berlin.de/bizer/bsbm/v01/instances/ProductFeature19
http://www4.wiwiss.fu-berlin.de/bizer/bsbm/v01/instances/dataFrom/Product99;http://www4.wiwiss.fu-berlin.de/bizer/bsbm/v01/vocabulary/productFeature;http://www4.wiwiss.fu-berlin.de/bizer/bsbm/v01/instances/ProductFeature26
http://www4.wiwiss.fu-berlin.de/bizer/bsbm/v01/instances/dataFrom/Product99;http://www4.wiwiss.fu-berlin.de/bizer/bsbm/v01/vocabulary/productFeature;http://www4.wiwiss.fu-berlin.de/bizer/bsbm/v01/instances/ProductFeature29
http://www4.wiwiss.fu-berlin.de/bizer/bsbm/v01/instances/dataFrom/Product99;http://www4.wiwiss.fu-berlin.de/bizer/bsbm/v01/vocabulary/productFeature;http://www4.wiwiss.fu-berlin.de/bizer/bsbm/v01/instances/ProductFeature32
http://www4.wiwiss.fu-berlin.de/bizer/bsbm/v01/instances/dataFrom/Product99;http://www4.wiwiss.fu-berlin.de/bizer/bsbm/v01/vocabulary/productFeature;http://www4.wiwiss.fu-berlin.de/bizer/bsbm/v01/instances/ProductFeature36
http://www4.wiwiss.fu-berlin.de/bizer/bsbm/v01/instances/dataFrom/Product99;http://purl.org/dc/elements/1.1/publisher;http://www4.wiwiss.fu-berlin.de/bizer/bsbm/v01/instances/dataFromProducer1/Producer1
http://www4.wiwiss.fu-berlin.de/bizer/bsbm/v01/instances/dataFrom/Product99;http://purl.org/dc/elements/1.1/date;2001-08-16
