http://www4.wiwiss.fu-berlin.de/bizer/bsbm/v01/instances/dataFromProducer1/Product55;http://www.w3.org/1999/02/22-rdf-syntax-ns#type;http://www4.wiwiss.fu-berlin.de/bizer/bsbm/v01/vocabulary/Product
http://www4.wiwiss.fu-berlin.de/bizer/bsbm/v01/instances/dataFromProducer1/Product55;http://www.w3.org/1999/02/22-rdf-syntax-ns#type;http://www4.wiwiss.fu-berlin.de/bizer/bsbm/v01/instances/ProductType6
http://www4.wiwiss.fu-berlin.de/bizer/bsbm/v01/instances/dataFromProducer1/Product55;http://www.w3.org/2000/01/rdf-schema#label;prevalently bunko
http://www4.wiwiss.fu-berlin.de/bizer/bsbm/v01/instances/dataFromProducer1/Product55;http://www.w3.org/2000/01/rdf-schema#comment;premeditatedness ineptly smockings conjurors anesthetics imponderability playwear privileging underpins bleaker wrestler curtly wagoned fictions preboils dueler comelier acclimatizer vertexes competently loggia osmic darkling pacemaking dungeons couther helper bathyscaph kiboshing ironstones sidesaddles blowiness arthrography flatways rescissions rugged parmigiana vermonter agonizing blusher hiatuses plaguers cockatoos hexone wains assonantly famously saclike nonelectrically orrises tawnies duckweeds maupassant deoxygenate recurrences invertors jugular forlorner stooged contemplating prinks fauvism overwealthy pointing rumba cortin flagitious waterproofer sensualists allheals gentlewoman hungrily humpy disemploy omits furrieries tequilas entangler dhole cutes bingos lignifying sneezes blowhards inflammatorily sophists reconvey books noneducational reversionary sandhogs offerings goutiness extinctions lobotomized
http://www4.wiwiss.fu-berlin.de/bizer/bsbm/v01/instances/dataFromProducer1/Product55;http://www4.wiwiss.fu-berlin.de/bizer/bsbm/v01/vocabulary/producer;http://www4.wiwiss.fu-berlin.de/bizer/bsbm/v01/instances/dataFromProducer1/Producer1
http://www4.wiwiss.fu-berlin.de/bizer/bsbm/v01/instances/dataFromProducer1/Product55;http://www4.wiwiss.fu-berlin.de/bizer/bsbm/v01/vocabulary/productPropertyNumeric1;536
http://www4.wiwiss.fu-berlin.de/bizer/bsbm/v01/instances/dataFromProducer1/Product55;http://www4.wiwiss.fu-berlin.de/bizer/bsbm/v01/vocabulary/productPropertyNumeric2;1289
http://www4.wiwiss.fu-berlin.de/bizer/bsbm/v01/instances/dataFromProducer1/Product55;http://www4.wiwiss.fu-berlin.de/bizer/bsbm/v01/vocabulary/productPropertyNumeric3;288
http://www4.wiwiss.fu-berlin.de/bizer/bsbm/v01/instances/dataFromProducer1/Product55;http://www4.wiwiss.fu-berlin.de/bizer/bsbm/v01/vocabulary/productPropertyNumeric4;1235
http://www4.wiwiss.fu-berlin.de/bizer/bsbm/v01/instances/dataFromProducer1/Product55;http://www4.wiwiss.fu-berlin.de/bizer/bsbm/v01/vocabulary/productPropertyNumeric5;653
http://www4.wiwiss.fu-berlin.de/bizer/bsbm/v01/instances/dataFromProducer1/Product55;http://www4.wiwiss.fu-berlin.de/bizer/bsbm/v01/vocabulary/productPropertyTextual1;serer noodled pantaloons maligned
http://www4.wiwiss.fu-berlin.de/bizer/bsbm/v01/instances/dataFromProducer1/Product55;http://www4.wiwiss.fu-berlin.de/bizer/bsbm/v01/vocabulary/productPropertyTextual2;psalters clients dollies lodged noddle earshots economizers timidly misereres clotheshorses quotationally reattaining statecraft exporter noncontrollably
http://www4.wiwiss.fu-berlin.de/bizer/bsbm/v01/instances/dataFromProducer1/Product55;http://www4.wiwiss.fu-berlin.de/bizer/bsbm/v01/vocabulary/productPropertyTextual3;liquidly customhouses ceaseless surfeited seasonings
http://www4.wiwiss.fu-berlin.de/bizer/bsbm/v01/instances/dataFromProducer1/Product55;http://www4.wiwiss.fu-berlin.de/bizer/bsbm/v01/vocabulary/productPropertyTextual4;passkeys mycologists cajaput ascendancy poiser herbal appropriative sanctimoniousness artfully arced aground
http://www4.wiwiss.fu-berlin.de/bizer/bsbm/v01/instances/dataFromProducer1/Product55;http://www4.wiwiss.fu-berlin.de/bizer/bsbm/v01/vocabulary/productFeature;http://www4.wiwiss.fu-berlin.de/bizer/bsbm/v01/instances/ProductFeature185
http://www4.wiwiss.fu-berlin.de/bizer/bsbm/v01/instances/dataFromProducer1/Product55;http://www4.wiwiss.fu-berlin.de/bizer/bsbm/v01/vocabulary/productFeature;http://www4.wiwiss.fu-berlin.de/bizer/bsbm/v01/instances/ProductFeature188
http://www4.wiwiss.fu-berlin.de/bizer/bsbm/v01/instances/dataFromProducer1/Product55;http://www4.wiwiss.fu-berlin.de/bizer/bsbm/v01/vocabulary/productFeature;http://www4.wiwiss.fu-berlin.de/bizer/bsbm/v01/instances/ProductFeature191
http://www4.wiwiss.fu-berlin.de/bizer/bsbm/v01/instances/dataFromProducer1/Product55;http://www4.wiwiss.fu-berlin.de/bizer/bsbm/v01/vocabulary/productFeature;http://www4.wiwiss.fu-berlin.de/bizer/bsbm/v01/instances/ProductFeature192
http://www4.wiwiss.fu-berlin.de/bizer/bsbm/v01/instances/dataFromProducer1/Product55;http://www4.wiwiss.fu-berlin.de/bizer/bsbm/v01/vocabulary/productFeature;http://www4.wiwiss.fu-berlin.de/bizer/bsbm/v01/instances/ProductFeature194
http://www4.wiwiss.fu-berlin.de/bizer/bsbm/v01/instances/dataFromProducer1/Product55;http://www4.wiwiss.fu-berlin.de/bizer/bsbm/v01/vocabulary/productFeature;http://www4.wiwiss.fu-berlin.de/bizer/bsbm/v01/instances/ProductFeature200
http://www4.wiwiss.fu-berlin.de/bizer/bsbm/v01/instances/dataFromProducer1/Product55;http://www4.wiwiss.fu-berlin.de/bizer/bsbm/v01/vocabulary/productFeature;http://www4.wiwiss.fu-berlin.de/bizer/bsbm/v01/instances/ProductFeature204
http://www4.wiwiss.fu-berlin.de/bizer/bsbm/v01/instances/dataFromProducer1/Product55;http://www4.wiwiss.fu-berlin.de/bizer/bsbm/v01/vocabulary/productFeature;http://www4.wiwiss.fu-berlin.de/bizer/bsbm/v01/instances/ProductFeature205
http://www4.wiwiss.fu-berlin.de/bizer/bsbm/v01/instances/dataFromProducer1/Product55;http://www4.wiwiss.fu-berlin.de/bizer/bsbm/v01/vocabulary/productFeature;http://www4.wiwiss.fu-berlin.de/bizer/bsbm/v01/instances/ProductFeature211
http://www4.wiwiss.fu-berlin.de/bizer/bsbm/v01/instances/dataFromProducer1/Product55;http://www4.wiwiss.fu-berlin.de/bizer/bsbm/v01/vocabulary/productFeature;http://www4.wiwiss.fu-berlin.de/bizer/bsbm/v01/instances/ProductFeature212
http://www4.wiwiss.fu-berlin.de/bizer/bsbm/v01/instances/dataFromProducer1/Product55;http://www4.wiwiss.fu-berlin.de/bizer/bsbm/v01/vocabulary/productFeature;http://www4.wiwiss.fu-berlin.de/bizer/bsbm/v01/instances/ProductFeature213
http://www4.wiwiss.fu-berlin.de/bizer/bsbm/v01/instances/dataFromProducer1/Product55;http://www4.wiwiss.fu-berlin.de/bizer/bsbm/v01/vocabulary/productFeature;http://www4.wiwiss.fu-berlin.de/bizer/bsbm/v01/instances/ProductFeature220
http://www4.wiwiss.fu-berlin.de/bizer/bsbm/v01/instances/dataFromProducer1/Product55;http://www4.wiwiss.fu-berlin.de/bizer/bsbm/v01/vocabulary/productFeature;http://www4.wiwiss.fu-berlin.de/bizer/bsbm/v01/instances/ProductFeature1
http://www4.wiwiss.fu-berlin.de/bizer/bsbm/v01/instances/dataFromProducer1/Product55;http://www4.wiwiss.fu-berlin.de/bizer/bsbm/v01/vocabulary/productFeature;http://www4.wiwiss.fu-berlin.de/bizer/bsbm/v01/instances/ProductFeature7
http://www4.wiwiss.fu-berlin.de/bizer/bsbm/v01/instances/dataFromProducer1/Product55;http://www4.wiwiss.fu-berlin.de/bizer/bsbm/v01/vocabulary/productFeature;http://www4.wiwiss.fu-berlin.de/bizer/bsbm/v01/instances/ProductFeature9
http://www4.wiwiss.fu-berlin.de/bizer/bsbm/v01/instances/dataFromProducer1/Product55;http://www4.wiwiss.fu-berlin.de/bizer/bsbm/v01/vocabulary/productFeature;http://www4.wiwiss.fu-berlin.de/bizer/bsbm/v01/instances/ProductFeature13
http://www4.wiwiss.fu-berlin.de/bizer/bsbm/v01/instances/dataFromProducer1/Product55;http://www4.wiwiss.fu-berlin.de/bizer/bsbm/v01/vocabulary/productFeature;http://www4.wiwiss.fu-berlin.de/bizer/bsbm/v01/instances/ProductFeature17
http://www4.wiwiss.fu-berlin.de/bizer/bsbm/v01/instances/dataFromProducer1/Product55;http://www4.wiwiss.fu-berlin.de/bizer/bsbm/v01/vocabulary/productFeature;http://www4.wiwiss.fu-berlin.de/bizer/bsbm/v01/instances/ProductFeature21
http://www4.wiwiss.fu-berlin.de/bizer/bsbm/v01/instances/dataFromProducer1/Product55;http://www4.wiwiss.fu-berlin.de/bizer/bsbm/v01/vocabulary/productFeature;http://www4.wiwiss.fu-berlin.de/bizer/bsbm/v01/instances/ProductFeature23
http://www4.wiwiss.fu-berlin.de/bizer/bsbm/v01/instances/dataFromProducer1/Product55;http://www4.wiwiss.fu-berlin.de/bizer/bsbm/v01/vocabulary/productFeature;http://www4.wiwiss.fu-berlin.de/bizer/bsbm/v01/instances/ProductFeature24
http://www4.wiwiss.fu-berlin.de/bizer/bsbm/v01/instances/dataFromProducer1/Product55;http://www4.wiwiss.fu-berlin.de/bizer/bsbm/v01/vocabulary/productFeature;http://www4.wiwiss.fu-berlin.de/bizer/bsbm/v01/instances/ProductFeature25
http://www4.wiwiss.fu-berlin.de/bizer/bsbm/v01/instances/dataFromProducer1/Product55;http://www4.wiwiss.fu-berlin.de/bizer/bsbm/v01/vocabulary/productFeature;http://www4.wiwiss.fu-berlin.de/bizer/bsbm/v01/instances/ProductFeature29
http://www4.wiwiss.fu-berlin.de/bizer/bsbm/v01/instances/dataFromProducer1/Product55;http://www4.wiwiss.fu-berlin.de/bizer/bsbm/v01/vocabulary/productFeature;http://www4.wiwiss.fu-berlin.de/bizer/bsbm/v01/instances/ProductFeature30
http://www4.wiwiss.fu-berlin.de/bizer/bsbm/v01/instances/dataFromProducer1/Product55;http://www4.wiwiss.fu-berlin.de/bizer/bsbm/v01/vocabulary/productFeature;http://www4.wiwiss.fu-berlin.de/bizer/bsbm/v01/instances/ProductFeature31
http://www4.wiwiss.fu-berlin.de/bizer/bsbm/v01/instances/dataFromProducer1/Product55;http://www4.wiwiss.fu-berlin.de/bizer/bsbm/v01/vocabulary/productFeature;http://www4.wiwiss.fu-berlin.de/bizer/bsbm/v01/instances/ProductFeature33
http://www4.wiwiss.fu-berlin.de/bizer/bsbm/v01/instances/dataFromProducer1/Product55;http://purl.org/dc/elements/1.1/publisher;http://www4.wiwiss.fu-berlin.de/bizer/bsbm/v01/instances/dataFromProducer1/Producer1
http://www4.wiwiss.fu-berlin.de/bizer/bsbm/v01/instances/dataFromProducer1/Product55;http://purl.org/dc/elements/1.1/date;2001-03-12
http://www4.wiwiss.fu-berlin.de/bizer/bsbm/v01/instances/dataFromProducer1/Product23;http://www.w3.org/1999/02/22-rdf-syntax-ns#type;http://www4.wiwiss.fu-berlin.de/bizer/bsbm/v01/vocabulary/Product
http://www4.wiwiss.fu-berlin.de/bizer/bsbm/v01/instances/dataFromProducer1/Product23;http://www.w3.org/1999/02/22-rdf-syntax-ns#type;http://www4.wiwiss.fu-berlin.de/bizer/bsbm/v01/instances/ProductType14
http://www4.wiwiss.fu-berlin.de/bizer/bsbm/v01/instances/dataFromProducer1/Product23;http://www.w3.org/2000/01/rdf-schema#label;crosier expwy snagged
http://www4.wiwiss.fu-berlin.de/bizer/bsbm/v01/instances/dataFromProducer1/Product23;http://www.w3.org/2000/01/rdf-schema#comment;massing heartier driveled espaliered stockbroking viselike mispronouncing gars saunterers sate niched beltlines musingly authoring holists weirdy viewless sidler acidities debauchee inspirited intermarried buggers justifiable blocks technics termites ultramicroscopic downloadable vertiginous letting digitized foulness italics replying agglutinated offhanded heathy wetlands circumstantially unhorsed fauvism heterodoxies featuring subminiaturized gloving masqueraded cantonment hoboism orderers thinkers gaud unguentary cornetist monochrome shrivers screenplays teetering splasher creasy bestride rhythmically released rarest reelers gitanos barracks bedsores exacerbatingly divergence thermostats watching tyrannical caramelized calcspar canoeist foreignness intramural scullery aristocratically bugbane turtlenecks manufactories tunics inhibitive stevedoring crafting unled nonmaterialistic cedes sportsmanlike gravies amyl idealism seeped advisatory bandits umpired anecdotic tannable misbehavior portliest ravener fortes misdefining excitations preconditioned linier hookless realistic jibbing airily randiest shires timidness interweaved hygeist peppers
http://www4.wiwiss.fu-berlin.de/bizer/bsbm/v01/instances/dataFromProducer1/Product23;http://www4.wiwiss.fu-berlin.de/bizer/bsbm/v01/vocabulary/producer;http://www4.wiwiss.fu-berlin.de/bizer/bsbm/v01/instances/dataFromProducer1/Producer1
http://www4.wiwiss.fu-berlin.de/bizer/bsbm/v01/instances/dataFromProducer1/Product23;http://www4.wiwiss.fu-berlin.de/bizer/bsbm/v01/vocabulary/productPropertyNumeric1;214
http://www4.wiwiss.fu-berlin.de/bizer/bsbm/v01/instances/dataFromProducer1/Product23;http://www4.wiwiss.fu-berlin.de/bizer/bsbm/v01/vocabulary/productPropertyNumeric2;846
http://www4.wiwiss.fu-berlin.de/bizer/bsbm/v01/instances/dataFromProducer1/Product23;http://www4.wiwiss.fu-berlin.de/bizer/bsbm/v01/vocabulary/productPropertyNumeric3;698
http://www4.wiwiss.fu-berlin.de/bizer/bsbm/v01/instances/dataFromProducer1/Product23;http://www4.wiwiss.fu-berlin.de/bizer/bsbm/v01/vocabulary/productPropertyTextual1;senti drainpipes phosphorescence dight intermezzo
http://www4.wiwiss.fu-berlin.de/bizer/bsbm/v01/instances/dataFromProducer1/Product23;http://www4.wiwiss.fu-berlin.de/bizer/bsbm/v01/vocabulary/productPropertyTextual2;whiffled fixative exoterically commination retitling urethral milldam progresses grabbing manillas forefather
http://www4.wiwiss.fu-berlin.de/bizer/bsbm/v01/instances/dataFromProducer1/Product23;http://www4.wiwiss.fu-berlin.de/bizer/bsbm/v01/vocabulary/productPropertyTextual3;peristaltically sucklers changeling localizations creepers musicologist parleyer nondelivery christianity predigestion
http://www4.wiwiss.fu-berlin.de/bizer/bsbm/v01/instances/dataFromProducer1/Product23;http://www4.wiwiss.fu-berlin.de/bizer/bsbm/v01/vocabulary/productPropertyTextual5;kopeck whirlies preadjustments ascensions prevented stodge fanaticized shovelers
http://www4.wiwiss.fu-berlin.de/bizer/bsbm/v01/instances/dataFromProducer1/Product23;http://www4.wiwiss.fu-berlin.de/bizer/bsbm/v01/vocabulary/productFeature;http://www4.wiwiss.fu-berlin.de/bizer/bsbm/v01/instances/ProductFeature570
http://www4.wiwiss.fu-berlin.de/bizer/bsbm/v01/instances/dataFromProducer1/Product23;http://www4.wiwiss.fu-berlin.de/bizer/bsbm/v01/vocabulary/productFeature;http://www4.wiwiss.fu-berlin.de/bizer/bsbm/v01/instances/ProductFeature571
http://www4.wiwiss.fu-berlin.de/bizer/bsbm/v01/instances/dataFromProducer1/Product23;http://www4.wiwiss.fu-berlin.de/bizer/bsbm/v01/vocabulary/productFeature;http://www4.wiwiss.fu-berlin.de/bizer/bsbm/v01/instances/ProductFeature576
http://www4.wiwiss.fu-berlin.de/bizer/bsbm/v01/instances/dataFromProducer1/Product23;http://www4.wiwiss.fu-berlin.de/bizer/bsbm/v01/vocabulary/productFeature;http://www4.wiwiss.fu-berlin.de/bizer/bsbm/v01/instances/ProductFeature583
http://www4.wiwiss.fu-berlin.de/bizer/bsbm/v01/instances/dataFromProducer1/Product23;http://www4.wiwiss.fu-berlin.de/bizer/bsbm/v01/vocabulary/productFeature;http://www4.wiwiss.fu-berlin.de/bizer/bsbm/v01/instances/ProductFeature594
http://www4.wiwiss.fu-berlin.de/bizer/bsbm/v01/instances/dataFromProducer1/Product23;http://www4.wiwiss.fu-berlin.de/bizer/bsbm/v01/vocabulary/productFeature;http://www4.wiwiss.fu-berlin.de/bizer/bsbm/v01/instances/ProductFeature597
http://www4.wiwiss.fu-berlin.de/bizer/bsbm/v01/instances/dataFromProducer1/Product23;http://www4.wiwiss.fu-berlin.de/bizer/bsbm/v01/vocabulary/productFeature;http://www4.wiwiss.fu-berlin.de/bizer/bsbm/v01/instances/ProductFeature605
http://www4.wiwiss.fu-berlin.de/bizer/bsbm/v01/instances/dataFromProducer1/Product23;http://www4.wiwiss.fu-berlin.de/bizer/bsbm/v01/vocabulary/productFeature;http://www4.wiwiss.fu-berlin.de/bizer/bsbm/v01/instances/ProductFeature606
http://www4.wiwiss.fu-berlin.de/bizer/bsbm/v01/instances/dataFromProducer1/Product23;http://www4.wiwiss.fu-berlin.de/bizer/bsbm/v01/vocabulary/productFeature;http://www4.wiwiss.fu-berlin.de/bizer/bsbm/v01/instances/ProductFeature608
http://www4.wiwiss.fu-berlin.de/bizer/bsbm/v01/instances/dataFromProducer1/Product23;http://www4.wiwiss.fu-berlin.de/bizer/bsbm/v01/vocabulary/productFeature;http://www4.wiwiss.fu-berlin.de/bizer/bsbm/v01/instances/ProductFeature609
http://www4.wiwiss.fu-berlin.de/bizer/bsbm/v01/instances/dataFromProducer1/Product23;http://www4.wiwiss.fu-berlin.de/bizer/bsbm/v01/vocabulary/productFeature;http://www4.wiwiss.fu-berlin.de/bizer/bsbm/v01/instances/ProductFeature610
http://www4.wiwiss.fu-berlin.de/bizer/bsbm/v01/instances/dataFromProducer1/Product23;http://www4.wiwiss.fu-berlin.de/bizer/bsbm/v01/vocabulary/productFeature;http://www4.wiwiss.fu-berlin.de/bizer/bsbm/v01/instances/ProductFeature79
http://www4.wiwiss.fu-berlin.de/bizer/bsbm/v01/instances/dataFromProducer1/Product23;http://www4.wiwiss.fu-berlin.de/bizer/bsbm/v01/vocabulary/productFeature;http://www4.wiwiss.fu-berlin.de/bizer/bsbm/v01/instances/ProductFeature80
http://www4.wiwiss.fu-berlin.de/bizer/bsbm/v01/instances/dataFromProducer1/Product23;http://www4.wiwiss.fu-berlin.de/bizer/bsbm/v01/vocabulary/productFeature;http://www4.wiwiss.fu-berlin.de/bizer/bsbm/v01/instances/ProductFeature85
http://www4.wiwiss.fu-berlin.de/bizer/bsbm/v01/instances/dataFromProducer1/Product23;http://www4.wiwiss.fu-berlin.de/bizer/bsbm/v01/vocabulary/productFeature;http://www4.wiwiss.fu-berlin.de/bizer/bsbm/v01/instances/ProductFeature87
http://www4.wiwiss.fu-berlin.de/bizer/bsbm/v01/instances/dataFromProducer1/Product23;http://www4.wiwiss.fu-berlin.de/bizer/bsbm/v01/vocabulary/productFeature;http://www4.wiwiss.fu-berlin.de/bizer/bsbm/v01/instances/ProductFeature89
http://www4.wiwiss.fu-berlin.de/bizer/bsbm/v01/instances/dataFromProducer1/Product23;http://www4.wiwiss.fu-berlin.de/bizer/bsbm/v01/vocabulary/productFeature;http://www4.wiwiss.fu-berlin.de/bizer/bsbm/v01/instances/ProductFeature96
http://www4.wiwiss.fu-berlin.de/bizer/bsbm/v01/instances/dataFromProducer1/Product23;http://www4.wiwiss.fu-berlin.de/bizer/bsbm/v01/vocabulary/productFeature;http://www4.wiwiss.fu-berlin.de/bizer/bsbm/v01/instances/ProductFeature103
http://www4.wiwiss.fu-berlin.de/bizer/bsbm/v01/instances/dataFromProducer1/Product23;http://www4.wiwiss.fu-berlin.de/bizer/bsbm/v01/vocabulary/productFeature;http://www4.wiwiss.fu-berlin.de/bizer/bsbm/v01/instances/ProductFeature114
http://www4.wiwiss.fu-berlin.de/bizer/bsbm/v01/instances/dataFromProducer1/Product23;http://www4.wiwiss.fu-berlin.de/bizer/bsbm/v01/vocabulary/productFeature;http://www4.wiwiss.fu-berlin.de/bizer/bsbm/v01/instances/ProductFeature120
http://www4.wiwiss.fu-berlin.de/bizer/bsbm/v01/instances/dataFromProducer1/Product23;http://www4.wiwiss.fu-berlin.de/bizer/bsbm/v01/vocabulary/productFeature;http://www4.wiwiss.fu-berlin.de/bizer/bsbm/v01/instances/ProductFeature124
http://www4.wiwiss.fu-berlin.de/bizer/bsbm/v01/instances/dataFromProducer1/Product23;http://www4.wiwiss.fu-berlin.de/bizer/bsbm/v01/vocabulary/productFeature;http://www4.wiwiss.fu-berlin.de/bizer/bsbm/v01/instances/ProductFeature125
http://www4.wiwiss.fu-berlin.de/bizer/bsbm/v01/instances/dataFromProducer1/Product23;http://www4.wiwiss.fu-berlin.de/bizer/bsbm/v01/vocabulary/productFeature;http://www4.wiwiss.fu-berlin.de/bizer/bsbm/v01/instances/ProductFeature130
http://www4.wiwiss.fu-berlin.de/bizer/bsbm/v01/instances/dataFromProducer1/Product23;http://www4.wiwiss.fu-berlin.de/bizer/bsbm/v01/vocabulary/productFeature;http://www4.wiwiss.fu-berlin.de/bizer/bsbm/v01/instances/ProductFeature132
http://www4.wiwiss.fu-berlin.de/bizer/bsbm/v01/instances/dataFromProducer1/Product23;http://www4.wiwiss.fu-berlin.de/bizer/bsbm/v01/vocabulary/productFeature;http://www4.wiwiss.fu-berlin.de/bizer/bsbm/v01/instances/ProductFeature140
http://www4.wiwiss.fu-berlin.de/bizer/bsbm/v01/instances/dataFromProducer1/Product23;http://purl.org/dc/elements/1.1/publisher;http://www4.wiwiss.fu-berlin.de/bizer/bsbm/v01/instances/dataFromProducer1/Producer1
http://www4.wiwiss.fu-berlin.de/bizer/bsbm/v01/instances/dataFromProducer1/Product23;http://purl.org/dc/elements/1.1/date;2004-02-12
