s, p, o
http://www.w3.org/1999/02/22-rdf-syntax-ns#type http://www4.wiwiss.fu-berlin.de/bizer/bsbm/v01/vocabulary/Product http://www4.wiwiss.fu-berlin.de/bizer/bsbm/v01/instances/dataFromProducer2/Product77 .
http://www.w3.org/1999/02/22-rdf-syntax-ns#type http://www4.wiwiss.fu-berlin.de/bizer/bsbm/v01/instances/ProductType17 http://www4.wiwiss.fu-berlin.de/bizer/bsbm/v01/instances/dataFromProducer2/Product77 .
http://www.w3.org/2000/01/rdf-schema#label mistaker impieties homeliest http://www4.wiwiss.fu-berlin.de/bizer/bsbm/v01/instances/dataFromProducer2/Product77 .
http://www.w3.org/2000/01/rdf-schema#comment milkiest copilots manuevers afferently vascularities overbite alluvia misdemeanant serologic jingoes widgets skidooed resonates lissomely ariel nucleoprotein forksful decrees forgoer dubbed recheck hymnaries instating dibber dissociated underemphasizing impersonality tacked rioting surreptitiously years whisky lunarians troopers warheads pontius toothsomeness lingeries undershot twirled chainlike rodenticide escaloped cockier etagere disrobers histamins analysed immunologists lands glops calliopes sagos misadventure tenderize filmcards agglutinating coronets surcharged deleted leeches overtakes overtaxed monetized embezzlement annat frighteningly beanies excogitate transmits decriminalization underparts menacers tuns blubbering defunctness marshaling subsidizes plannings webfeet proprietorships diagramed bandwidths modernest credentials unappealing eclats mechanists termers neckerchiefs sociologically florists trends vatting grittiness elvish starkly plotters herniating tincting apes perfections elaborations snaffles forgathered drifty lunets laserjet redemptional bollix docksides aggressed golgothas languished slipup smeller confessional juxtapositions individuals terrorization disturbers jazzer macadams rustics nonethically preestimates prancing plumped overeating bullpen wearable nonofficially loathsomeness inexpressibility dovish bayoneting apostasy interloper savageness driftpins pumper rebec boggling dinkies lunation vignettists seriating perceptually floaty http://www4.wiwiss.fu-berlin.de/bizer/bsbm/v01/instances/dataFromProducer2/Product77 .
http://www4.wiwiss.fu-berlin.de/bizer/bsbm/v01/vocabulary/producer http://www4.wiwiss.fu-berlin.de/bizer/bsbm/v01/instances/dataFromProducer2/Producer2 http://www4.wiwiss.fu-berlin.de/bizer/bsbm/v01/instances/dataFromProducer2/Product77 .
http://www4.wiwiss.fu-berlin.de/bizer/bsbm/v01/vocabulary/productPropertyNumeric1 904 http://www4.wiwiss.fu-berlin.de/bizer/bsbm/v01/instances/dataFromProducer2/Product77 .
http://www4.wiwiss.fu-berlin.de/bizer/bsbm/v01/vocabulary/productPropertyNumeric2 1038 http://www4.wiwiss.fu-berlin.de/bizer/bsbm/v01/instances/dataFromProducer2/Product77 .
http://www4.wiwiss.fu-berlin.de/bizer/bsbm/v01/vocabulary/productPropertyNumeric3 429 http://www4.wiwiss.fu-berlin.de/bizer/bsbm/v01/instances/dataFromProducer2/Product77 .
http://www4.wiwiss.fu-berlin.de/bizer/bsbm/v01/vocabulary/productPropertyNumeric4 1813 http://www4.wiwiss.fu-berlin.de/bizer/bsbm/v01/instances/dataFromProducer2/Product77 .
http://www4.wiwiss.fu-berlin.de/bizer/bsbm/v01/vocabulary/productPropertyNumeric5 322 http://www4.wiwiss.fu-berlin.de/bizer/bsbm/v01/instances/dataFromProducer2/Product77 .
http://www4.wiwiss.fu-berlin.de/bizer/bsbm/v01/vocabulary/productPropertyTextual1 affirmably aimlessness saccharin beloved unpiles peons shoots intolerance haver vivisection schizoidism talebearer brevier oxymoron http://www4.wiwiss.fu-berlin.de/bizer/bsbm/v01/instances/dataFromProducer2/Product77 .
http://www4.wiwiss.fu-berlin.de/bizer/bsbm/v01/vocabulary/productPropertyTextual2 stoats regulators quarrelling articulations settings silkscreened http://www4.wiwiss.fu-berlin.de/bizer/bsbm/v01/instances/dataFromProducer2/Product77 .
http://www4.wiwiss.fu-berlin.de/bizer/bsbm/v01/vocabulary/productPropertyTextual3 denouncement enfranchisements heliotherapies unwieldier cosmopolis subdistrict daytimes gams fungiform traitoress http://www4.wiwiss.fu-berlin.de/bizer/bsbm/v01/instances/dataFromProducer2/Product77 .
http://www4.wiwiss.fu-berlin.de/bizer/bsbm/v01/vocabulary/productPropertyTextual4 amaranths crawlier gravitated hewable honeyed somewhats http://www4.wiwiss.fu-berlin.de/bizer/bsbm/v01/instances/dataFromProducer2/Product77 .
http://www4.wiwiss.fu-berlin.de/bizer/bsbm/v01/vocabulary/productPropertyTextual5 souchong wardships prefigured gigatons boldest tillable yamuns saree xanthates demos sternest http://www4.wiwiss.fu-berlin.de/bizer/bsbm/v01/instances/dataFromProducer2/Product77 .
http://www4.wiwiss.fu-berlin.de/bizer/bsbm/v01/vocabulary/productFeature http://www4.wiwiss.fu-berlin.de/bizer/bsbm/v01/instances/ProductFeature750 http://www4.wiwiss.fu-berlin.de/bizer/bsbm/v01/instances/dataFromProducer2/Product77 .
http://www4.wiwiss.fu-berlin.de/bizer/bsbm/v01/vocabulary/productFeature http://www4.wiwiss.fu-berlin.de/bizer/bsbm/v01/instances/ProductFeature751 http://www4.wiwiss.fu-berlin.de/bizer/bsbm/v01/instances/dataFromProducer2/Product77 .
http://www4.wiwiss.fu-berlin.de/bizer/bsbm/v01/vocabulary/productFeature http://www4.wiwiss.fu-berlin.de/bizer/bsbm/v01/instances/ProductFeature752 http://www4.wiwiss.fu-berlin.de/bizer/bsbm/v01/instances/dataFromProducer2/Product77 .
http://www4.wiwiss.fu-berlin.de/bizer/bsbm/v01/vocabulary/productFeature http://www4.wiwiss.fu-berlin.de/bizer/bsbm/v01/instances/ProductFeature753 http://www4.wiwiss.fu-berlin.de/bizer/bsbm/v01/instances/dataFromProducer2/Product77 .
http://www4.wiwiss.fu-berlin.de/bizer/bsbm/v01/vocabulary/productFeature http://www4.wiwiss.fu-berlin.de/bizer/bsbm/v01/instances/ProductFeature754 http://www4.wiwiss.fu-berlin.de/bizer/bsbm/v01/instances/dataFromProducer2/Product77 .
http://www4.wiwiss.fu-berlin.de/bizer/bsbm/v01/vocabulary/productFeature http://www4.wiwiss.fu-berlin.de/bizer/bsbm/v01/instances/ProductFeature758 http://www4.wiwiss.fu-berlin.de/bizer/bsbm/v01/instances/dataFromProducer2/Product77 .
http://www4.wiwiss.fu-berlin.de/bizer/bsbm/v01/vocabulary/productFeature http://www4.wiwiss.fu-berlin.de/bizer/bsbm/v01/instances/ProductFeature762 http://www4.wiwiss.fu-berlin.de/bizer/bsbm/v01/instances/dataFromProducer2/Product77 .
http://www4.wiwiss.fu-berlin.de/bizer/bsbm/v01/vocabulary/productFeature http://www4.wiwiss.fu-berlin.de/bizer/bsbm/v01/instances/ProductFeature767 http://www4.wiwiss.fu-berlin.de/bizer/bsbm/v01/instances/dataFromProducer2/Product77 .
http://www4.wiwiss.fu-berlin.de/bizer/bsbm/v01/vocabulary/productFeature http://www4.wiwiss.fu-berlin.de/bizer/bsbm/v01/instances/ProductFeature768 http://www4.wiwiss.fu-berlin.de/bizer/bsbm/v01/instances/dataFromProducer2/Product77 .
http://www4.wiwiss.fu-berlin.de/bizer/bsbm/v01/vocabulary/productFeature http://www4.wiwiss.fu-berlin.de/bizer/bsbm/v01/instances/ProductFeature770 http://www4.wiwiss.fu-berlin.de/bizer/bsbm/v01/instances/dataFromProducer2/Product77 .
http://www4.wiwiss.fu-berlin.de/bizer/bsbm/v01/vocabulary/productFeature http://www4.wiwiss.fu-berlin.de/bizer/bsbm/v01/instances/ProductFeature773 http://www4.wiwiss.fu-berlin.de/bizer/bsbm/v01/instances/dataFromProducer2/Product77 .
http://www4.wiwiss.fu-berlin.de/bizer/bsbm/v01/vocabulary/productFeature http://www4.wiwiss.fu-berlin.de/bizer/bsbm/v01/instances/ProductFeature781 http://www4.wiwiss.fu-berlin.de/bizer/bsbm/v01/instances/dataFromProducer2/Product77 .
http://www4.wiwiss.fu-berlin.de/bizer/bsbm/v01/vocabulary/productFeature http://www4.wiwiss.fu-berlin.de/bizer/bsbm/v01/instances/ProductFeature782 http://www4.wiwiss.fu-berlin.de/bizer/bsbm/v01/instances/dataFromProducer2/Product77 .
http://www4.wiwiss.fu-berlin.de/bizer/bsbm/v01/vocabulary/productFeature http://www4.wiwiss.fu-berlin.de/bizer/bsbm/v01/instances/ProductFeature791 http://www4.wiwiss.fu-berlin.de/bizer/bsbm/v01/instances/dataFromProducer2/Product77 .
http://www4.wiwiss.fu-berlin.de/bizer/bsbm/v01/vocabulary/productFeature http://www4.wiwiss.fu-berlin.de/bizer/bsbm/v01/instances/ProductFeature794 http://www4.wiwiss.fu-berlin.de/bizer/bsbm/v01/instances/dataFromProducer2/Product77 .
http://www4.wiwiss.fu-berlin.de/bizer/bsbm/v01/vocabulary/productFeature http://www4.wiwiss.fu-berlin.de/bizer/bsbm/v01/instances/ProductFeature795 http://www4.wiwiss.fu-berlin.de/bizer/bsbm/v01/instances/dataFromProducer2/Product77 .
http://www4.wiwiss.fu-berlin.de/bizer/bsbm/v01/vocabulary/productFeature http://www4.wiwiss.fu-berlin.de/bizer/bsbm/v01/instances/ProductFeature796 http://www4.wiwiss.fu-berlin.de/bizer/bsbm/v01/instances/dataFromProducer2/Product77 .
http://www4.wiwiss.fu-berlin.de/bizer/bsbm/v01/vocabulary/productFeature http://www4.wiwiss.fu-berlin.de/bizer/bsbm/v01/instances/ProductFeature802 http://www4.wiwiss.fu-berlin.de/bizer/bsbm/v01/instances/dataFromProducer2/Product77 .
http://www4.wiwiss.fu-berlin.de/bizer/bsbm/v01/vocabulary/productFeature http://www4.wiwiss.fu-berlin.de/bizer/bsbm/v01/instances/ProductFeature804 http://www4.wiwiss.fu-berlin.de/bizer/bsbm/v01/instances/dataFromProducer2/Product77 .
http://www4.wiwiss.fu-berlin.de/bizer/bsbm/v01/vocabulary/productFeature http://www4.wiwiss.fu-berlin.de/bizer/bsbm/v01/instances/ProductFeature805 http://www4.wiwiss.fu-berlin.de/bizer/bsbm/v01/instances/dataFromProducer2/Product77 .
http://www4.wiwiss.fu-berlin.de/bizer/bsbm/v01/vocabulary/productFeature http://www4.wiwiss.fu-berlin.de/bizer/bsbm/v01/instances/ProductFeature806 http://www4.wiwiss.fu-berlin.de/bizer/bsbm/v01/instances/dataFromProducer2/Product77 .
http://www4.wiwiss.fu-berlin.de/bizer/bsbm/v01/vocabulary/productFeature http://www4.wiwiss.fu-berlin.de/bizer/bsbm/v01/instances/ProductFeature810 http://www4.wiwiss.fu-berlin.de/bizer/bsbm/v01/instances/dataFromProducer2/Product77 .
http://www4.wiwiss.fu-berlin.de/bizer/bsbm/v01/vocabulary/productFeature http://www4.wiwiss.fu-berlin.de/bizer/bsbm/v01/instances/ProductFeature83 http://www4.wiwiss.fu-berlin.de/bizer/bsbm/v01/instances/dataFromProducer2/Product77 .
http://www4.wiwiss.fu-berlin.de/bizer/bsbm/v01/vocabulary/productFeature http://www4.wiwiss.fu-berlin.de/bizer/bsbm/v01/instances/ProductFeature86 http://www4.wiwiss.fu-berlin.de/bizer/bsbm/v01/instances/dataFromProducer2/Product77 .
http://www4.wiwiss.fu-berlin.de/bizer/bsbm/v01/vocabulary/productFeature http://www4.wiwiss.fu-berlin.de/bizer/bsbm/v01/instances/ProductFeature87 http://www4.wiwiss.fu-berlin.de/bizer/bsbm/v01/instances/dataFromProducer2/Product77 .
http://www4.wiwiss.fu-berlin.de/bizer/bsbm/v01/vocabulary/productFeature http://www4.wiwiss.fu-berlin.de/bizer/bsbm/v01/instances/ProductFeature90 http://www4.wiwiss.fu-berlin.de/bizer/bsbm/v01/instances/dataFromProducer2/Product77 .
http://www4.wiwiss.fu-berlin.de/bizer/bsbm/v01/vocabulary/productFeature http://www4.wiwiss.fu-berlin.de/bizer/bsbm/v01/instances/ProductFeature91 http://www4.wiwiss.fu-berlin.de/bizer/bsbm/v01/instances/dataFromProducer2/Product77 .
http://www4.wiwiss.fu-berlin.de/bizer/bsbm/v01/vocabulary/productFeature http://www4.wiwiss.fu-berlin.de/bizer/bsbm/v01/instances/ProductFeature95 http://www4.wiwiss.fu-berlin.de/bizer/bsbm/v01/instances/dataFromProducer2/Product77 .
http://www4.wiwiss.fu-berlin.de/bizer/bsbm/v01/vocabulary/productFeature http://www4.wiwiss.fu-berlin.de/bizer/bsbm/v01/instances/ProductFeature96 http://www4.wiwiss.fu-berlin.de/bizer/bsbm/v01/instances/dataFromProducer2/Product77 .
http://www4.wiwiss.fu-berlin.de/bizer/bsbm/v01/vocabulary/productFeature http://www4.wiwiss.fu-berlin.de/bizer/bsbm/v01/instances/ProductFeature97 http://www4.wiwiss.fu-berlin.de/bizer/bsbm/v01/instances/dataFromProducer2/Product77 .
http://www4.wiwiss.fu-berlin.de/bizer/bsbm/v01/vocabulary/productFeature http://www4.wiwiss.fu-berlin.de/bizer/bsbm/v01/instances/ProductFeature98 http://www4.wiwiss.fu-berlin.de/bizer/bsbm/v01/instances/dataFromProducer2/Product77 .
http://www4.wiwiss.fu-berlin.de/bizer/bsbm/v01/vocabulary/productFeature http://www4.wiwiss.fu-berlin.de/bizer/bsbm/v01/instances/ProductFeature100 http://www4.wiwiss.fu-berlin.de/bizer/bsbm/v01/instances/dataFromProducer2/Product77 .
http://www4.wiwiss.fu-berlin.de/bizer/bsbm/v01/vocabulary/productFeature http://www4.wiwiss.fu-berlin.de/bizer/bsbm/v01/instances/ProductFeature101 http://www4.wiwiss.fu-berlin.de/bizer/bsbm/v01/instances/dataFromProducer2/Product77 .
http://www4.wiwiss.fu-berlin.de/bizer/bsbm/v01/vocabulary/productFeature http://www4.wiwiss.fu-berlin.de/bizer/bsbm/v01/instances/ProductFeature102 http://www4.wiwiss.fu-berlin.de/bizer/bsbm/v01/instances/dataFromProducer2/Product77 .
http://www4.wiwiss.fu-berlin.de/bizer/bsbm/v01/vocabulary/productFeature http://www4.wiwiss.fu-berlin.de/bizer/bsbm/v01/instances/ProductFeature104 http://www4.wiwiss.fu-berlin.de/bizer/bsbm/v01/instances/dataFromProducer2/Product77 .
http://www4.wiwiss.fu-berlin.de/bizer/bsbm/v01/vocabulary/productFeature http://www4.wiwiss.fu-berlin.de/bizer/bsbm/v01/instances/ProductFeature106 http://www4.wiwiss.fu-berlin.de/bizer/bsbm/v01/instances/dataFromProducer2/Product77 .
http://www4.wiwiss.fu-berlin.de/bizer/bsbm/v01/vocabulary/productFeature http://www4.wiwiss.fu-berlin.de/bizer/bsbm/v01/instances/ProductFeature108 http://www4.wiwiss.fu-berlin.de/bizer/bsbm/v01/instances/dataFromProducer2/Product77 .
http://www4.wiwiss.fu-berlin.de/bizer/bsbm/v01/vocabulary/productFeature http://www4.wiwiss.fu-berlin.de/bizer/bsbm/v01/instances/ProductFeature121 http://www4.wiwiss.fu-berlin.de/bizer/bsbm/v01/instances/dataFromProducer2/Product77 .
http://www4.wiwiss.fu-berlin.de/bizer/bsbm/v01/vocabulary/productFeature http://www4.wiwiss.fu-berlin.de/bizer/bsbm/v01/instances/ProductFeature127 http://www4.wiwiss.fu-berlin.de/bizer/bsbm/v01/instances/dataFromProducer2/Product77 .
http://www4.wiwiss.fu-berlin.de/bizer/bsbm/v01/vocabulary/productFeature http://www4.wiwiss.fu-berlin.de/bizer/bsbm/v01/instances/ProductFeature134 http://www4.wiwiss.fu-berlin.de/bizer/bsbm/v01/instances/dataFromProducer2/Product77 .
http://www4.wiwiss.fu-berlin.de/bizer/bsbm/v01/vocabulary/productFeature http://www4.wiwiss.fu-berlin.de/bizer/bsbm/v01/instances/ProductFeature140 http://www4.wiwiss.fu-berlin.de/bizer/bsbm/v01/instances/dataFromProducer2/Product77 .
http://purl.org/dc/elements/1.1/publisher http://www4.wiwiss.fu-berlin.de/bizer/bsbm/v01/instances/dataFromProducer2/Producer2 http://www4.wiwiss.fu-berlin.de/bizer/bsbm/v01/instances/dataFromProducer2/Product77 .
http://purl.org/dc/elements/1.1/date 2005-09-09 http://www4.wiwiss.fu-berlin.de/bizer/bsbm/v01/instances/dataFromProducer2/Product77 .
http://www.w3.org/1999/02/22-rdf-syntax-ns#type http://www4.wiwiss.fu-berlin.de/bizer/bsbm/v01/vocabulary/Product http://www4.wiwiss.fu-berlin.de/bizer/bsbm/v01/instances/dataFromProducer2/Product77 .
http://www.w3.org/1999/02/22-rdf-syntax-ns#type http://www4.wiwiss.fu-berlin.de/bizer/bsbm/v01/instances/ProductType17 http://www4.wiwiss.fu-berlin.de/bizer/bsbm/v01/instances/dataFromProducer2/Product77 .
http://www.w3.org/2000/01/rdf-schema#label mistaker impieties homeliest http://www4.wiwiss.fu-berlin.de/bizer/bsbm/v01/instances/dataFromProducer2/Product77 .
http://www.w3.org/2000/01/rdf-schema#comment milkiest copilots manuevers afferently vascularities overbite alluvia misdemeanant serologic jingoes widgets skidooed resonates lissomely ariel nucleoprotein forksful decrees forgoer dubbed recheck hymnaries instating dibber dissociated underemphasizing impersonality tacked rioting surreptitiously years whisky lunarians troopers warheads pontius toothsomeness lingeries undershot twirled chainlike rodenticide escaloped cockier etagere disrobers histamins analysed immunologists lands glops calliopes sagos misadventure tenderize filmcards agglutinating coronets surcharged deleted leeches overtakes overtaxed monetized embezzlement annat frighteningly beanies excogitate transmits decriminalization underparts menacers tuns blubbering defunctness marshaling subsidizes plannings webfeet proprietorships diagramed bandwidths modernest credentials unappealing eclats mechanists termers neckerchiefs sociologically florists trends vatting grittiness elvish starkly plotters herniating tincting apes perfections elaborations snaffles forgathered drifty lunets laserjet redemptional bollix docksides aggressed golgothas languished slipup smeller confessional juxtapositions individuals terrorization disturbers jazzer macadams rustics nonethically preestimates prancing plumped overeating bullpen wearable nonofficially loathsomeness inexpressibility dovish bayoneting apostasy interloper savageness driftpins pumper rebec boggling dinkies lunation vignettists seriating perceptually floaty http://www4.wiwiss.fu-berlin.de/bizer/bsbm/v01/instances/dataFromProducer2/Product77 .
http://www4.wiwiss.fu-berlin.de/bizer/bsbm/v01/vocabulary/producer http://www4.wiwiss.fu-berlin.de/bizer/bsbm/v01/instances/dataFromProducer2/Producer2 http://www4.wiwiss.fu-berlin.de/bizer/bsbm/v01/instances/dataFromProducer2/Product77 .
http://www4.wiwiss.fu-berlin.de/bizer/bsbm/v01/vocabulary/productPropertyNumeric1 904 http://www4.wiwiss.fu-berlin.de/bizer/bsbm/v01/instances/dataFromProducer2/Product77 .
http://www4.wiwiss.fu-berlin.de/bizer/bsbm/v01/vocabulary/productPropertyNumeric2 1038 http://www4.wiwiss.fu-berlin.de/bizer/bsbm/v01/instances/dataFromProducer2/Product77 .
http://www4.wiwiss.fu-berlin.de/bizer/bsbm/v01/vocabulary/productPropertyNumeric3 429 http://www4.wiwiss.fu-berlin.de/bizer/bsbm/v01/instances/dataFromProducer2/Product77 .
http://www4.wiwiss.fu-berlin.de/bizer/bsbm/v01/vocabulary/productPropertyNumeric4 1813 http://www4.wiwiss.fu-berlin.de/bizer/bsbm/v01/instances/dataFromProducer2/Product77 .
http://www4.wiwiss.fu-berlin.de/bizer/bsbm/v01/vocabulary/productPropertyNumeric5 322 http://www4.wiwiss.fu-berlin.de/bizer/bsbm/v01/instances/dataFromProducer2/Product77 .
http://www4.wiwiss.fu-berlin.de/bizer/bsbm/v01/vocabulary/productPropertyTextual1 affirmably aimlessness saccharin beloved unpiles peons shoots intolerance haver vivisection schizoidism talebearer brevier oxymoron http://www4.wiwiss.fu-berlin.de/bizer/bsbm/v01/instances/dataFromProducer2/Product77 .
http://www4.wiwiss.fu-berlin.de/bizer/bsbm/v01/vocabulary/productPropertyTextual2 stoats regulators quarrelling articulations settings silkscreened http://www4.wiwiss.fu-berlin.de/bizer/bsbm/v01/instances/dataFromProducer2/Product77 .
http://www4.wiwiss.fu-berlin.de/bizer/bsbm/v01/vocabulary/productPropertyTextual3 denouncement enfranchisements heliotherapies unwieldier cosmopolis subdistrict daytimes gams fungiform traitoress http://www4.wiwiss.fu-berlin.de/bizer/bsbm/v01/instances/dataFromProducer2/Product77 .
http://www4.wiwiss.fu-berlin.de/bizer/bsbm/v01/vocabulary/productPropertyTextual4 amaranths crawlier gravitated hewable honeyed somewhats http://www4.wiwiss.fu-berlin.de/bizer/bsbm/v01/instances/dataFromProducer2/Product77 .
http://www4.wiwiss.fu-berlin.de/bizer/bsbm/v01/vocabulary/productPropertyTextual5 souchong wardships prefigured gigatons boldest tillable yamuns saree xanthates demos sternest http://www4.wiwiss.fu-berlin.de/bizer/bsbm/v01/instances/dataFromProducer2/Product77 .
http://www4.wiwiss.fu-berlin.de/bizer/bsbm/v01/vocabulary/productFeature http://www4.wiwiss.fu-berlin.de/bizer/bsbm/v01/instances/ProductFeature750 http://www4.wiwiss.fu-berlin.de/bizer/bsbm/v01/instances/dataFromProducer2/Product77 .
http://www4.wiwiss.fu-berlin.de/bizer/bsbm/v01/vocabulary/productFeature http://www4.wiwiss.fu-berlin.de/bizer/bsbm/v01/instances/ProductFeature751 http://www4.wiwiss.fu-berlin.de/bizer/bsbm/v01/instances/dataFromProducer2/Product77 .
http://www4.wiwiss.fu-berlin.de/bizer/bsbm/v01/vocabulary/productFeature http://www4.wiwiss.fu-berlin.de/bizer/bsbm/v01/instances/ProductFeature752 http://www4.wiwiss.fu-berlin.de/bizer/bsbm/v01/instances/dataFromProducer2/Product77 .
http://www4.wiwiss.fu-berlin.de/bizer/bsbm/v01/vocabulary/productFeature http://www4.wiwiss.fu-berlin.de/bizer/bsbm/v01/instances/ProductFeature753 http://www4.wiwiss.fu-berlin.de/bizer/bsbm/v01/instances/dataFromProducer2/Product77 .
http://www4.wiwiss.fu-berlin.de/bizer/bsbm/v01/vocabulary/productFeature http://www4.wiwiss.fu-berlin.de/bizer/bsbm/v01/instances/ProductFeature754 http://www4.wiwiss.fu-berlin.de/bizer/bsbm/v01/instances/dataFromProducer2/Product77 .
http://www4.wiwiss.fu-berlin.de/bizer/bsbm/v01/vocabulary/productFeature http://www4.wiwiss.fu-berlin.de/bizer/bsbm/v01/instances/ProductFeature758 http://www4.wiwiss.fu-berlin.de/bizer/bsbm/v01/instances/dataFromProducer2/Product77 .
http://www4.wiwiss.fu-berlin.de/bizer/bsbm/v01/vocabulary/productFeature http://www4.wiwiss.fu-berlin.de/bizer/bsbm/v01/instances/ProductFeature762 http://www4.wiwiss.fu-berlin.de/bizer/bsbm/v01/instances/dataFromProducer2/Product77 .
http://www4.wiwiss.fu-berlin.de/bizer/bsbm/v01/vocabulary/productFeature http://www4.wiwiss.fu-berlin.de/bizer/bsbm/v01/instances/ProductFeature767 http://www4.wiwiss.fu-berlin.de/bizer/bsbm/v01/instances/dataFromProducer2/Product77 .
http://www4.wiwiss.fu-berlin.de/bizer/bsbm/v01/vocabulary/productFeature http://www4.wiwiss.fu-berlin.de/bizer/bsbm/v01/instances/ProductFeature768 http://www4.wiwiss.fu-berlin.de/bizer/bsbm/v01/instances/dataFromProducer2/Product77 .
http://www4.wiwiss.fu-berlin.de/bizer/bsbm/v01/vocabulary/productFeature http://www4.wiwiss.fu-berlin.de/bizer/bsbm/v01/instances/ProductFeature770 http://www4.wiwiss.fu-berlin.de/bizer/bsbm/v01/instances/dataFromProducer2/Product77 .
http://www4.wiwiss.fu-berlin.de/bizer/bsbm/v01/vocabulary/productFeature http://www4.wiwiss.fu-berlin.de/bizer/bsbm/v01/instances/ProductFeature773 http://www4.wiwiss.fu-berlin.de/bizer/bsbm/v01/instances/dataFromProducer2/Product77 .
http://www4.wiwiss.fu-berlin.de/bizer/bsbm/v01/vocabulary/productFeature http://www4.wiwiss.fu-berlin.de/bizer/bsbm/v01/instances/ProductFeature781 http://www4.wiwiss.fu-berlin.de/bizer/bsbm/v01/instances/dataFromProducer2/Product77 .
http://www4.wiwiss.fu-berlin.de/bizer/bsbm/v01/vocabulary/productFeature http://www4.wiwiss.fu-berlin.de/bizer/bsbm/v01/instances/ProductFeature782 http://www4.wiwiss.fu-berlin.de/bizer/bsbm/v01/instances/dataFromProducer2/Product77 .
http://www4.wiwiss.fu-berlin.de/bizer/bsbm/v01/vocabulary/productFeature http://www4.wiwiss.fu-berlin.de/bizer/bsbm/v01/instances/ProductFeature791 http://www4.wiwiss.fu-berlin.de/bizer/bsbm/v01/instances/dataFromProducer2/Product77 .
http://www4.wiwiss.fu-berlin.de/bizer/bsbm/v01/vocabulary/productFeature http://www4.wiwiss.fu-berlin.de/bizer/bsbm/v01/instances/ProductFeature794 http://www4.wiwiss.fu-berlin.de/bizer/bsbm/v01/instances/dataFromProducer2/Product77 .
http://www4.wiwiss.fu-berlin.de/bizer/bsbm/v01/vocabulary/productFeature http://www4.wiwiss.fu-berlin.de/bizer/bsbm/v01/instances/ProductFeature795 http://www4.wiwiss.fu-berlin.de/bizer/bsbm/v01/instances/dataFromProducer2/Product77 .
http://www4.wiwiss.fu-berlin.de/bizer/bsbm/v01/vocabulary/productFeature http://www4.wiwiss.fu-berlin.de/bizer/bsbm/v01/instances/ProductFeature796 http://www4.wiwiss.fu-berlin.de/bizer/bsbm/v01/instances/dataFromProducer2/Product77 .
http://www4.wiwiss.fu-berlin.de/bizer/bsbm/v01/vocabulary/productFeature http://www4.wiwiss.fu-berlin.de/bizer/bsbm/v01/instances/ProductFeature802 http://www4.wiwiss.fu-berlin.de/bizer/bsbm/v01/instances/dataFromProducer2/Product77 .
http://www4.wiwiss.fu-berlin.de/bizer/bsbm/v01/vocabulary/productFeature http://www4.wiwiss.fu-berlin.de/bizer/bsbm/v01/instances/ProductFeature804 http://www4.wiwiss.fu-berlin.de/bizer/bsbm/v01/instances/dataFromProducer2/Product77 .
http://www4.wiwiss.fu-berlin.de/bizer/bsbm/v01/vocabulary/productFeature http://www4.wiwiss.fu-berlin.de/bizer/bsbm/v01/instances/ProductFeature805 http://www4.wiwiss.fu-berlin.de/bizer/bsbm/v01/instances/dataFromProducer2/Product77 .
http://www4.wiwiss.fu-berlin.de/bizer/bsbm/v01/vocabulary/productFeature http://www4.wiwiss.fu-berlin.de/bizer/bsbm/v01/instances/ProductFeature806 http://www4.wiwiss.fu-berlin.de/bizer/bsbm/v01/instances/dataFromProducer2/Product77 .
http://www4.wiwiss.fu-berlin.de/bizer/bsbm/v01/vocabulary/productFeature http://www4.wiwiss.fu-berlin.de/bizer/bsbm/v01/instances/ProductFeature810 http://www4.wiwiss.fu-berlin.de/bizer/bsbm/v01/instances/dataFromProducer2/Product77 .
http://www4.wiwiss.fu-berlin.de/bizer/bsbm/v01/vocabulary/productFeature http://www4.wiwiss.fu-berlin.de/bizer/bsbm/v01/instances/ProductFeature83 http://www4.wiwiss.fu-berlin.de/bizer/bsbm/v01/instances/dataFromProducer2/Product77 .
http://www4.wiwiss.fu-berlin.de/bizer/bsbm/v01/vocabulary/productFeature http://www4.wiwiss.fu-berlin.de/bizer/bsbm/v01/instances/ProductFeature86 http://www4.wiwiss.fu-berlin.de/bizer/bsbm/v01/instances/dataFromProducer2/Product77 .
http://www4.wiwiss.fu-berlin.de/bizer/bsbm/v01/vocabulary/productFeature http://www4.wiwiss.fu-berlin.de/bizer/bsbm/v01/instances/ProductFeature87 http://www4.wiwiss.fu-berlin.de/bizer/bsbm/v01/instances/dataFromProducer2/Product77 .
http://www4.wiwiss.fu-berlin.de/bizer/bsbm/v01/vocabulary/productFeature http://www4.wiwiss.fu-berlin.de/bizer/bsbm/v01/instances/ProductFeature90 http://www4.wiwiss.fu-berlin.de/bizer/bsbm/v01/instances/dataFromProducer2/Product77 .
http://www4.wiwiss.fu-berlin.de/bizer/bsbm/v01/vocabulary/productFeature http://www4.wiwiss.fu-berlin.de/bizer/bsbm/v01/instances/ProductFeature91 http://www4.wiwiss.fu-berlin.de/bizer/bsbm/v01/instances/dataFromProducer2/Product77 .
http://www4.wiwiss.fu-berlin.de/bizer/bsbm/v01/vocabulary/productFeature http://www4.wiwiss.fu-berlin.de/bizer/bsbm/v01/instances/ProductFeature95 http://www4.wiwiss.fu-berlin.de/bizer/bsbm/v01/instances/dataFromProducer2/Product77 .
http://www4.wiwiss.fu-berlin.de/bizer/bsbm/v01/vocabulary/productFeature http://www4.wiwiss.fu-berlin.de/bizer/bsbm/v01/instances/ProductFeature96 http://www4.wiwiss.fu-berlin.de/bizer/bsbm/v01/instances/dataFromProducer2/Product77 .
http://www4.wiwiss.fu-berlin.de/bizer/bsbm/v01/vocabulary/productFeature http://www4.wiwiss.fu-berlin.de/bizer/bsbm/v01/instances/ProductFeature97 http://www4.wiwiss.fu-berlin.de/bizer/bsbm/v01/instances/dataFromProducer2/Product77 .
http://www4.wiwiss.fu-berlin.de/bizer/bsbm/v01/vocabulary/productFeature http://www4.wiwiss.fu-berlin.de/bizer/bsbm/v01/instances/ProductFeature98 http://www4.wiwiss.fu-berlin.de/bizer/bsbm/v01/instances/dataFromProducer2/Product77 .
http://www4.wiwiss.fu-berlin.de/bizer/bsbm/v01/vocabulary/productFeature http://www4.wiwiss.fu-berlin.de/bizer/bsbm/v01/instances/ProductFeature100 http://www4.wiwiss.fu-berlin.de/bizer/bsbm/v01/instances/dataFromProducer2/Product77 .
http://www4.wiwiss.fu-berlin.de/bizer/bsbm/v01/vocabulary/productFeature http://www4.wiwiss.fu-berlin.de/bizer/bsbm/v01/instances/ProductFeature101 http://www4.wiwiss.fu-berlin.de/bizer/bsbm/v01/instances/dataFromProducer2/Product77 .
http://www4.wiwiss.fu-berlin.de/bizer/bsbm/v01/vocabulary/productFeature http://www4.wiwiss.fu-berlin.de/bizer/bsbm/v01/instances/ProductFeature102 http://www4.wiwiss.fu-berlin.de/bizer/bsbm/v01/instances/dataFromProducer2/Product77 .
http://www4.wiwiss.fu-berlin.de/bizer/bsbm/v01/vocabulary/productFeature http://www4.wiwiss.fu-berlin.de/bizer/bsbm/v01/instances/ProductFeature104 http://www4.wiwiss.fu-berlin.de/bizer/bsbm/v01/instances/dataFromProducer2/Product77 .
http://www4.wiwiss.fu-berlin.de/bizer/bsbm/v01/vocabulary/productFeature http://www4.wiwiss.fu-berlin.de/bizer/bsbm/v01/instances/ProductFeature106 http://www4.wiwiss.fu-berlin.de/bizer/bsbm/v01/instances/dataFromProducer2/Product77 .
http://www4.wiwiss.fu-berlin.de/bizer/bsbm/v01/vocabulary/productFeature http://www4.wiwiss.fu-berlin.de/bizer/bsbm/v01/instances/ProductFeature108 http://www4.wiwiss.fu-berlin.de/bizer/bsbm/v01/instances/dataFromProducer2/Product77 .
http://www4.wiwiss.fu-berlin.de/bizer/bsbm/v01/vocabulary/productFeature http://www4.wiwiss.fu-berlin.de/bizer/bsbm/v01/instances/ProductFeature121 http://www4.wiwiss.fu-berlin.de/bizer/bsbm/v01/instances/dataFromProducer2/Product77 .
http://www4.wiwiss.fu-berlin.de/bizer/bsbm/v01/vocabulary/productFeature http://www4.wiwiss.fu-berlin.de/bizer/bsbm/v01/instances/ProductFeature127 http://www4.wiwiss.fu-berlin.de/bizer/bsbm/v01/instances/dataFromProducer2/Product77 .
http://www4.wiwiss.fu-berlin.de/bizer/bsbm/v01/vocabulary/productFeature http://www4.wiwiss.fu-berlin.de/bizer/bsbm/v01/instances/ProductFeature134 http://www4.wiwiss.fu-berlin.de/bizer/bsbm/v01/instances/dataFromProducer2/Product77 .
http://www4.wiwiss.fu-berlin.de/bizer/bsbm/v01/vocabulary/productFeature http://www4.wiwiss.fu-berlin.de/bizer/bsbm/v01/instances/ProductFeature140 http://www4.wiwiss.fu-berlin.de/bizer/bsbm/v01/instances/dataFromProducer2/Product77 .
http://purl.org/dc/elements/1.1/publisher http://www4.wiwiss.fu-berlin.de/bizer/bsbm/v01/instances/dataFromProducer2/Producer2 http://www4.wiwiss.fu-berlin.de/bizer/bsbm/v01/instances/dataFromProducer2/Product77 .
http://purl.org/dc/elements/1.1/date 2005-09-09 http://www4.wiwiss.fu-berlin.de/bizer/bsbm/v01/instances/dataFromProducer2/Product77 .
