http://www4.wiwiss.fu-berlin.de/bizer/bsbm/v01/instances/dataFrom/Product8574;http://www4.wiwiss.fu-berlin.de/bizer/bsbm/v01/vocabulary/productFeature;http://www4.wiwiss.fu-berlin.de/bizer/bsbm/v01/instances/ProductFeature5099
http://www4.wiwiss.fu-berlin.de/bizer/bsbm/v01/instances/dataFrom/Product8574;http://www4.wiwiss.fu-berlin.de/bizer/bsbm/v01/vocabulary/productFeature;http://www4.wiwiss.fu-berlin.de/bizer/bsbm/v01/instances/ProductFeature5099
http://www4.wiwiss.fu-berlin.de/bizer/bsbm/v01/instances/dataFrom/Product8574;http://www4.wiwiss.fu-berlin.de/bizer/bsbm/v01/vocabulary/productFeature;http://www4.wiwiss.fu-berlin.de/bizer/bsbm/v01/instances/ProductFeature5099
http://www4.wiwiss.fu-berlin.de/bizer/bsbm/v01/instances/dataFrom/Product8574;http://www4.wiwiss.fu-berlin.de/bizer/bsbm/v01/vocabulary/productFeature;http://www4.wiwiss.fu-berlin.de/bizer/bsbm/v01/instances/ProductFeature5099
http://www4.wiwiss.fu-berlin.de/bizer/bsbm/v01/instances/dataFrom/Product8574;http://www4.wiwiss.fu-berlin.de/bizer/bsbm/v01/vocabulary/productFeature;http://www4.wiwiss.fu-berlin.de/bizer/bsbm/v01/instances/ProductFeature5099
http://www4.wiwiss.fu-berlin.de/bizer/bsbm/v01/instances/dataFrom/Product8574;http://www4.wiwiss.fu-berlin.de/bizer/bsbm/v01/vocabulary/productFeature;http://www4.wiwiss.fu-berlin.de/bizer/bsbm/v01/instances/ProductFeature5099
http://www4.wiwiss.fu-berlin.de/bizer/bsbm/v01/instances/dataFrom/Product8574;http://www4.wiwiss.fu-berlin.de/bizer/bsbm/v01/vocabulary/productFeature;http://www4.wiwiss.fu-berlin.de/bizer/bsbm/v01/instances/ProductFeature5099
http://www4.wiwiss.fu-berlin.de/bizer/bsbm/v01/instances/dataFrom/Product8574;http://www4.wiwiss.fu-berlin.de/bizer/bsbm/v01/vocabulary/productFeature;http://www4.wiwiss.fu-berlin.de/bizer/bsbm/v01/instances/ProductFeature5099
http://www4.wiwiss.fu-berlin.de/bizer/bsbm/v01/instances/dataFrom/Product8574;http://www4.wiwiss.fu-berlin.de/bizer/bsbm/v01/vocabulary/productFeature;http://www4.wiwiss.fu-berlin.de/bizer/bsbm/v01/instances/ProductFeature5099
http://www4.wiwiss.fu-berlin.de/bizer/bsbm/v01/instances/dataFrom/Product8574;http://www4.wiwiss.fu-berlin.de/bizer/bsbm/v01/vocabulary/productFeature;http://www4.wiwiss.fu-berlin.de/bizer/bsbm/v01/instances/ProductFeature5101
http://www4.wiwiss.fu-berlin.de/bizer/bsbm/v01/instances/dataFrom/Product9187;http://www4.wiwiss.fu-berlin.de/bizer/bsbm/v01/vocabulary/productFeature;http://www4.wiwiss.fu-berlin.de/bizer/bsbm/v01/instances/ProductFeature5099
http://www4.wiwiss.fu-berlin.de/bizer/bsbm/v01/instances/dataFrom/Product9187;http://www4.wiwiss.fu-berlin.de/bizer/bsbm/v01/vocabulary/productFeature;http://www4.wiwiss.fu-berlin.de/bizer/bsbm/v01/instances/ProductFeature5099
http://www4.wiwiss.fu-berlin.de/bizer/bsbm/v01/instances/dataFrom/Product9187;http://www4.wiwiss.fu-berlin.de/bizer/bsbm/v01/vocabulary/productFeature;http://www4.wiwiss.fu-berlin.de/bizer/bsbm/v01/instances/ProductFeature5099
http://www4.wiwiss.fu-berlin.de/bizer/bsbm/v01/instances/dataFrom/Product9187;http://www4.wiwiss.fu-berlin.de/bizer/bsbm/v01/vocabulary/productFeature;http://www4.wiwiss.fu-berlin.de/bizer/bsbm/v01/instances/ProductFeature5099
http://www4.wiwiss.fu-berlin.de/bizer/bsbm/v01/instances/dataFrom/Product9187;http://www4.wiwiss.fu-berlin.de/bizer/bsbm/v01/vocabulary/productFeature;http://www4.wiwiss.fu-berlin.de/bizer/bsbm/v01/instances/ProductFeature5099
http://www4.wiwiss.fu-berlin.de/bizer/bsbm/v01/instances/dataFrom/Product9187;http://www4.wiwiss.fu-berlin.de/bizer/bsbm/v01/vocabulary/productFeature;http://www4.wiwiss.fu-berlin.de/bizer/bsbm/v01/instances/ProductFeature5099
http://www4.wiwiss.fu-berlin.de/bizer/bsbm/v01/instances/dataFrom/Product9187;http://www4.wiwiss.fu-berlin.de/bizer/bsbm/v01/vocabulary/productFeature;http://www4.wiwiss.fu-berlin.de/bizer/bsbm/v01/instances/ProductFeature5099
http://www4.wiwiss.fu-berlin.de/bizer/bsbm/v01/instances/dataFrom/Product9187;http://www4.wiwiss.fu-berlin.de/bizer/bsbm/v01/vocabulary/productFeature;http://www4.wiwiss.fu-berlin.de/bizer/bsbm/v01/instances/ProductFeature5099
http://www4.wiwiss.fu-berlin.de/bizer/bsbm/v01/instances/dataFrom/Product9187;http://www4.wiwiss.fu-berlin.de/bizer/bsbm/v01/vocabulary/productFeature;http://www4.wiwiss.fu-berlin.de/bizer/bsbm/v01/instances/ProductFeature5099
http://www4.wiwiss.fu-berlin.de/bizer/bsbm/v01/instances/dataFrom/Product9187;http://www4.wiwiss.fu-berlin.de/bizer/bsbm/v01/vocabulary/productFeature;http://www4.wiwiss.fu-berlin.de/bizer/bsbm/v01/instances/ProductFeature5101
http://www4.wiwiss.fu-berlin.de/bizer/bsbm/v01/instances/dataFrom/Product9652;http://www4.wiwiss.fu-berlin.de/bizer/bsbm/v01/vocabulary/productFeature;http://www4.wiwiss.fu-berlin.de/bizer/bsbm/v01/instances/ProductFeature5099
http://www4.wiwiss.fu-berlin.de/bizer/bsbm/v01/instances/dataFrom/Product9652;http://www4.wiwiss.fu-berlin.de/bizer/bsbm/v01/vocabulary/productFeature;http://www4.wiwiss.fu-berlin.de/bizer/bsbm/v01/instances/ProductFeature5099
http://www4.wiwiss.fu-berlin.de/bizer/bsbm/v01/instances/dataFrom/Product9652;http://www4.wiwiss.fu-berlin.de/bizer/bsbm/v01/vocabulary/productFeature;http://www4.wiwiss.fu-berlin.de/bizer/bsbm/v01/instances/ProductFeature5099
http://www4.wiwiss.fu-berlin.de/bizer/bsbm/v01/instances/dataFrom/Product9652;http://www4.wiwiss.fu-berlin.de/bizer/bsbm/v01/vocabulary/productFeature;http://www4.wiwiss.fu-berlin.de/bizer/bsbm/v01/instances/ProductFeature5099
http://www4.wiwiss.fu-berlin.de/bizer/bsbm/v01/instances/dataFrom/Product9652;http://www4.wiwiss.fu-berlin.de/bizer/bsbm/v01/vocabulary/productFeature;http://www4.wiwiss.fu-berlin.de/bizer/bsbm/v01/instances/ProductFeature5099
http://www4.wiwiss.fu-berlin.de/bizer/bsbm/v01/instances/dataFrom/Product9652;http://www4.wiwiss.fu-berlin.de/bizer/bsbm/v01/vocabulary/productFeature;http://www4.wiwiss.fu-berlin.de/bizer/bsbm/v01/instances/ProductFeature5099
http://www4.wiwiss.fu-berlin.de/bizer/bsbm/v01/instances/dataFrom/Product9652;http://www4.wiwiss.fu-berlin.de/bizer/bsbm/v01/vocabulary/productFeature;http://www4.wiwiss.fu-berlin.de/bizer/bsbm/v01/instances/ProductFeature5099
http://www4.wiwiss.fu-berlin.de/bizer/bsbm/v01/instances/dataFrom/Product9652;http://www4.wiwiss.fu-berlin.de/bizer/bsbm/v01/vocabulary/productFeature;http://www4.wiwiss.fu-berlin.de/bizer/bsbm/v01/instances/ProductFeature5099
http://www4.wiwiss.fu-berlin.de/bizer/bsbm/v01/instances/dataFrom/Product9652;http://www4.wiwiss.fu-berlin.de/bizer/bsbm/v01/vocabulary/productFeature;http://www4.wiwiss.fu-berlin.de/bizer/bsbm/v01/instances/ProductFeature5099
http://www4.wiwiss.fu-berlin.de/bizer/bsbm/v01/instances/dataFrom/Product9652;http://www4.wiwiss.fu-berlin.de/bizer/bsbm/v01/vocabulary/productFeature;http://www4.wiwiss.fu-berlin.de/bizer/bsbm/v01/instances/ProductFeature5101
http://www4.wiwiss.fu-berlin.de/bizer/bsbm/v01/instances/dataFrom/Product9244;http://www4.wiwiss.fu-berlin.de/bizer/bsbm/v01/vocabulary/productFeature;http://www4.wiwiss.fu-berlin.de/bizer/bsbm/v01/instances/ProductFeature5099
http://www4.wiwiss.fu-berlin.de/bizer/bsbm/v01/instances/dataFrom/Product9244;http://www4.wiwiss.fu-berlin.de/bizer/bsbm/v01/vocabulary/productFeature;http://www4.wiwiss.fu-berlin.de/bizer/bsbm/v01/instances/ProductFeature5099
http://www4.wiwiss.fu-berlin.de/bizer/bsbm/v01/instances/dataFrom/Product9244;http://www4.wiwiss.fu-berlin.de/bizer/bsbm/v01/vocabulary/productFeature;http://www4.wiwiss.fu-berlin.de/bizer/bsbm/v01/instances/ProductFeature5099
http://www4.wiwiss.fu-berlin.de/bizer/bsbm/v01/instances/dataFrom/Product9244;http://www4.wiwiss.fu-berlin.de/bizer/bsbm/v01/vocabulary/productFeature;http://www4.wiwiss.fu-berlin.de/bizer/bsbm/v01/instances/ProductFeature5099
http://www4.wiwiss.fu-berlin.de/bizer/bsbm/v01/instances/dataFrom/Product9244;http://www4.wiwiss.fu-berlin.de/bizer/bsbm/v01/vocabulary/productFeature;http://www4.wiwiss.fu-berlin.de/bizer/bsbm/v01/instances/ProductFeature5099
http://www4.wiwiss.fu-berlin.de/bizer/bsbm/v01/instances/dataFrom/Product9244;http://www4.wiwiss.fu-berlin.de/bizer/bsbm/v01/vocabulary/productFeature;http://www4.wiwiss.fu-berlin.de/bizer/bsbm/v01/instances/ProductFeature5099
http://www4.wiwiss.fu-berlin.de/bizer/bsbm/v01/instances/dataFrom/Product9244;http://www4.wiwiss.fu-berlin.de/bizer/bsbm/v01/vocabulary/productFeature;http://www4.wiwiss.fu-berlin.de/bizer/bsbm/v01/instances/ProductFeature5099
http://www4.wiwiss.fu-berlin.de/bizer/bsbm/v01/instances/dataFrom/Product9244;http://www4.wiwiss.fu-berlin.de/bizer/bsbm/v01/vocabulary/productFeature;http://www4.wiwiss.fu-berlin.de/bizer/bsbm/v01/instances/ProductFeature5099
http://www4.wiwiss.fu-berlin.de/bizer/bsbm/v01/instances/dataFrom/Product9244;http://www4.wiwiss.fu-berlin.de/bizer/bsbm/v01/vocabulary/productFeature;http://www4.wiwiss.fu-berlin.de/bizer/bsbm/v01/instances/ProductFeature5099
http://www4.wiwiss.fu-berlin.de/bizer/bsbm/v01/instances/dataFrom/Product9244;http://www4.wiwiss.fu-berlin.de/bizer/bsbm/v01/vocabulary/productFeature;http://www4.wiwiss.fu-berlin.de/bizer/bsbm/v01/instances/ProductFeature5101
http://www4.wiwiss.fu-berlin.de/bizer/bsbm/v01/instances/dataFrom/Product8992;http://www4.wiwiss.fu-berlin.de/bizer/bsbm/v01/vocabulary/productFeature;http://www4.wiwiss.fu-berlin.de/bizer/bsbm/v01/instances/ProductFeature5099
http://www4.wiwiss.fu-berlin.de/bizer/bsbm/v01/instances/dataFrom/Product8992;http://www4.wiwiss.fu-berlin.de/bizer/bsbm/v01/vocabulary/productFeature;http://www4.wiwiss.fu-berlin.de/bizer/bsbm/v01/instances/ProductFeature5099
http://www4.wiwiss.fu-berlin.de/bizer/bsbm/v01/instances/dataFrom/Product8992;http://www4.wiwiss.fu-berlin.de/bizer/bsbm/v01/vocabulary/productFeature;http://www4.wiwiss.fu-berlin.de/bizer/bsbm/v01/instances/ProductFeature5099
http://www4.wiwiss.fu-berlin.de/bizer/bsbm/v01/instances/dataFrom/Product8992;http://www4.wiwiss.fu-berlin.de/bizer/bsbm/v01/vocabulary/productFeature;http://www4.wiwiss.fu-berlin.de/bizer/bsbm/v01/instances/ProductFeature5099
http://www4.wiwiss.fu-berlin.de/bizer/bsbm/v01/instances/dataFrom/Product8992;http://www4.wiwiss.fu-berlin.de/bizer/bsbm/v01/vocabulary/productFeature;http://www4.wiwiss.fu-berlin.de/bizer/bsbm/v01/instances/ProductFeature5099
http://www4.wiwiss.fu-berlin.de/bizer/bsbm/v01/instances/dataFrom/Product8992;http://www4.wiwiss.fu-berlin.de/bizer/bsbm/v01/vocabulary/productFeature;http://www4.wiwiss.fu-berlin.de/bizer/bsbm/v01/instances/ProductFeature5099
http://www4.wiwiss.fu-berlin.de/bizer/bsbm/v01/instances/dataFrom/Product8992;http://www4.wiwiss.fu-berlin.de/bizer/bsbm/v01/vocabulary/productFeature;http://www4.wiwiss.fu-berlin.de/bizer/bsbm/v01/instances/ProductFeature5099
http://www4.wiwiss.fu-berlin.de/bizer/bsbm/v01/instances/dataFrom/Product8992;http://www4.wiwiss.fu-berlin.de/bizer/bsbm/v01/vocabulary/productFeature;http://www4.wiwiss.fu-berlin.de/bizer/bsbm/v01/instances/ProductFeature5099
http://www4.wiwiss.fu-berlin.de/bizer/bsbm/v01/instances/dataFrom/Product8992;http://www4.wiwiss.fu-berlin.de/bizer/bsbm/v01/vocabulary/productFeature;http://www4.wiwiss.fu-berlin.de/bizer/bsbm/v01/instances/ProductFeature5099
http://www4.wiwiss.fu-berlin.de/bizer/bsbm/v01/instances/dataFrom/Product8992;http://www4.wiwiss.fu-berlin.de/bizer/bsbm/v01/vocabulary/productFeature;http://www4.wiwiss.fu-berlin.de/bizer/bsbm/v01/instances/ProductFeature5101
http://www4.wiwiss.fu-berlin.de/bizer/bsbm/v01/instances/dataFrom/Product4244;http://www4.wiwiss.fu-berlin.de/bizer/bsbm/v01/vocabulary/productFeature;http://www4.wiwiss.fu-berlin.de/bizer/bsbm/v01/instances/ProductFeature5099
http://www4.wiwiss.fu-berlin.de/bizer/bsbm/v01/instances/dataFrom/Product4244;http://www4.wiwiss.fu-berlin.de/bizer/bsbm/v01/vocabulary/productFeature;http://www4.wiwiss.fu-berlin.de/bizer/bsbm/v01/instances/ProductFeature5099
http://www4.wiwiss.fu-berlin.de/bizer/bsbm/v01/instances/dataFrom/Product4244;http://www4.wiwiss.fu-berlin.de/bizer/bsbm/v01/vocabulary/productFeature;http://www4.wiwiss.fu-berlin.de/bizer/bsbm/v01/instances/ProductFeature5099
http://www4.wiwiss.fu-berlin.de/bizer/bsbm/v01/instances/dataFrom/Product4244;http://www4.wiwiss.fu-berlin.de/bizer/bsbm/v01/vocabulary/productFeature;http://www4.wiwiss.fu-berlin.de/bizer/bsbm/v01/instances/ProductFeature5099
http://www4.wiwiss.fu-berlin.de/bizer/bsbm/v01/instances/dataFrom/Product4244;http://www4.wiwiss.fu-berlin.de/bizer/bsbm/v01/vocabulary/productFeature;http://www4.wiwiss.fu-berlin.de/bizer/bsbm/v01/instances/ProductFeature5099
http://www4.wiwiss.fu-berlin.de/bizer/bsbm/v01/instances/dataFrom/Product4244;http://www4.wiwiss.fu-berlin.de/bizer/bsbm/v01/vocabulary/productFeature;http://www4.wiwiss.fu-berlin.de/bizer/bsbm/v01/instances/ProductFeature5099
http://www4.wiwiss.fu-berlin.de/bizer/bsbm/v01/instances/dataFrom/Product4244;http://www4.wiwiss.fu-berlin.de/bizer/bsbm/v01/vocabulary/productFeature;http://www4.wiwiss.fu-berlin.de/bizer/bsbm/v01/instances/ProductFeature5099
http://www4.wiwiss.fu-berlin.de/bizer/bsbm/v01/instances/dataFrom/Product4244;http://www4.wiwiss.fu-berlin.de/bizer/bsbm/v01/vocabulary/productFeature;http://www4.wiwiss.fu-berlin.de/bizer/bsbm/v01/instances/ProductFeature5099
http://www4.wiwiss.fu-berlin.de/bizer/bsbm/v01/instances/dataFrom/Product4244;http://www4.wiwiss.fu-berlin.de/bizer/bsbm/v01/vocabulary/productFeature;http://www4.wiwiss.fu-berlin.de/bizer/bsbm/v01/instances/ProductFeature5099
http://www4.wiwiss.fu-berlin.de/bizer/bsbm/v01/instances/dataFrom/Product4244;http://www4.wiwiss.fu-berlin.de/bizer/bsbm/v01/vocabulary/productFeature;http://www4.wiwiss.fu-berlin.de/bizer/bsbm/v01/instances/ProductFeature5101
http://www4.wiwiss.fu-berlin.de/bizer/bsbm/v01/instances/dataFrom/Product892;http://www4.wiwiss.fu-berlin.de/bizer/bsbm/v01/vocabulary/productFeature;http://www4.wiwiss.fu-berlin.de/bizer/bsbm/v01/instances/ProductFeature5099
http://www4.wiwiss.fu-berlin.de/bizer/bsbm/v01/instances/dataFrom/Product892;http://www4.wiwiss.fu-berlin.de/bizer/bsbm/v01/vocabulary/productFeature;http://www4.wiwiss.fu-berlin.de/bizer/bsbm/v01/instances/ProductFeature5099
http://www4.wiwiss.fu-berlin.de/bizer/bsbm/v01/instances/dataFrom/Product892;http://www4.wiwiss.fu-berlin.de/bizer/bsbm/v01/vocabulary/productFeature;http://www4.wiwiss.fu-berlin.de/bizer/bsbm/v01/instances/ProductFeature5099
http://www4.wiwiss.fu-berlin.de/bizer/bsbm/v01/instances/dataFrom/Product892;http://www4.wiwiss.fu-berlin.de/bizer/bsbm/v01/vocabulary/productFeature;http://www4.wiwiss.fu-berlin.de/bizer/bsbm/v01/instances/ProductFeature5099
http://www4.wiwiss.fu-berlin.de/bizer/bsbm/v01/instances/dataFrom/Product892;http://www4.wiwiss.fu-berlin.de/bizer/bsbm/v01/vocabulary/productFeature;http://www4.wiwiss.fu-berlin.de/bizer/bsbm/v01/instances/ProductFeature5099
http://www4.wiwiss.fu-berlin.de/bizer/bsbm/v01/instances/dataFrom/Product892;http://www4.wiwiss.fu-berlin.de/bizer/bsbm/v01/vocabulary/productFeature;http://www4.wiwiss.fu-berlin.de/bizer/bsbm/v01/instances/ProductFeature5099
http://www4.wiwiss.fu-berlin.de/bizer/bsbm/v01/instances/dataFrom/Product892;http://www4.wiwiss.fu-berlin.de/bizer/bsbm/v01/vocabulary/productFeature;http://www4.wiwiss.fu-berlin.de/bizer/bsbm/v01/instances/ProductFeature5099
http://www4.wiwiss.fu-berlin.de/bizer/bsbm/v01/instances/dataFrom/Product892;http://www4.wiwiss.fu-berlin.de/bizer/bsbm/v01/vocabulary/productFeature;http://www4.wiwiss.fu-berlin.de/bizer/bsbm/v01/instances/ProductFeature5099
http://www4.wiwiss.fu-berlin.de/bizer/bsbm/v01/instances/dataFrom/Product892;http://www4.wiwiss.fu-berlin.de/bizer/bsbm/v01/vocabulary/productFeature;http://www4.wiwiss.fu-berlin.de/bizer/bsbm/v01/instances/ProductFeature5099
http://www4.wiwiss.fu-berlin.de/bizer/bsbm/v01/instances/dataFrom/Product892;http://www4.wiwiss.fu-berlin.de/bizer/bsbm/v01/vocabulary/productFeature;http://www4.wiwiss.fu-berlin.de/bizer/bsbm/v01/instances/ProductFeature5101
http://www4.wiwiss.fu-berlin.de/bizer/bsbm/v01/instances/dataFrom/Product5485;http://www4.wiwiss.fu-berlin.de/bizer/bsbm/v01/vocabulary/productFeature;http://www4.wiwiss.fu-berlin.de/bizer/bsbm/v01/instances/ProductFeature5099
http://www4.wiwiss.fu-berlin.de/bizer/bsbm/v01/instances/dataFrom/Product5485;http://www4.wiwiss.fu-berlin.de/bizer/bsbm/v01/vocabulary/productFeature;http://www4.wiwiss.fu-berlin.de/bizer/bsbm/v01/instances/ProductFeature5099
http://www4.wiwiss.fu-berlin.de/bizer/bsbm/v01/instances/dataFrom/Product5485;http://www4.wiwiss.fu-berlin.de/bizer/bsbm/v01/vocabulary/productFeature;http://www4.wiwiss.fu-berlin.de/bizer/bsbm/v01/instances/ProductFeature5099
http://www4.wiwiss.fu-berlin.de/bizer/bsbm/v01/instances/dataFrom/Product5485;http://www4.wiwiss.fu-berlin.de/bizer/bsbm/v01/vocabulary/productFeature;http://www4.wiwiss.fu-berlin.de/bizer/bsbm/v01/instances/ProductFeature5099
http://www4.wiwiss.fu-berlin.de/bizer/bsbm/v01/instances/dataFrom/Product5485;http://www4.wiwiss.fu-berlin.de/bizer/bsbm/v01/vocabulary/productFeature;http://www4.wiwiss.fu-berlin.de/bizer/bsbm/v01/instances/ProductFeature5099
http://www4.wiwiss.fu-berlin.de/bizer/bsbm/v01/instances/dataFrom/Product5485;http://www4.wiwiss.fu-berlin.de/bizer/bsbm/v01/vocabulary/productFeature;http://www4.wiwiss.fu-berlin.de/bizer/bsbm/v01/instances/ProductFeature5099
http://www4.wiwiss.fu-berlin.de/bizer/bsbm/v01/instances/dataFrom/Product5485;http://www4.wiwiss.fu-berlin.de/bizer/bsbm/v01/vocabulary/productFeature;http://www4.wiwiss.fu-berlin.de/bizer/bsbm/v01/instances/ProductFeature5099
http://www4.wiwiss.fu-berlin.de/bizer/bsbm/v01/instances/dataFrom/Product5485;http://www4.wiwiss.fu-berlin.de/bizer/bsbm/v01/vocabulary/productFeature;http://www4.wiwiss.fu-berlin.de/bizer/bsbm/v01/instances/ProductFeature5099
http://www4.wiwiss.fu-berlin.de/bizer/bsbm/v01/instances/dataFrom/Product5485;http://www4.wiwiss.fu-berlin.de/bizer/bsbm/v01/vocabulary/productFeature;http://www4.wiwiss.fu-berlin.de/bizer/bsbm/v01/instances/ProductFeature5099
http://www4.wiwiss.fu-berlin.de/bizer/bsbm/v01/instances/dataFrom/Product5485;http://www4.wiwiss.fu-berlin.de/bizer/bsbm/v01/vocabulary/productFeature;http://www4.wiwiss.fu-berlin.de/bizer/bsbm/v01/instances/ProductFeature5101
http://www4.wiwiss.fu-berlin.de/bizer/bsbm/v01/instances/dataFrom/Product5754;http://www4.wiwiss.fu-berlin.de/bizer/bsbm/v01/vocabulary/productFeature;http://www4.wiwiss.fu-berlin.de/bizer/bsbm/v01/instances/ProductFeature5099
http://www4.wiwiss.fu-berlin.de/bizer/bsbm/v01/instances/dataFrom/Product5754;http://www4.wiwiss.fu-berlin.de/bizer/bsbm/v01/vocabulary/productFeature;http://www4.wiwiss.fu-berlin.de/bizer/bsbm/v01/instances/ProductFeature5099
http://www4.wiwiss.fu-berlin.de/bizer/bsbm/v01/instances/dataFrom/Product5754;http://www4.wiwiss.fu-berlin.de/bizer/bsbm/v01/vocabulary/productFeature;http://www4.wiwiss.fu-berlin.de/bizer/bsbm/v01/instances/ProductFeature5099
http://www4.wiwiss.fu-berlin.de/bizer/bsbm/v01/instances/dataFrom/Product5754;http://www4.wiwiss.fu-berlin.de/bizer/bsbm/v01/vocabulary/productFeature;http://www4.wiwiss.fu-berlin.de/bizer/bsbm/v01/instances/ProductFeature5099
http://www4.wiwiss.fu-berlin.de/bizer/bsbm/v01/instances/dataFrom/Product5754;http://www4.wiwiss.fu-berlin.de/bizer/bsbm/v01/vocabulary/productFeature;http://www4.wiwiss.fu-berlin.de/bizer/bsbm/v01/instances/ProductFeature5099
http://www4.wiwiss.fu-berlin.de/bizer/bsbm/v01/instances/dataFrom/Product5754;http://www4.wiwiss.fu-berlin.de/bizer/bsbm/v01/vocabulary/productFeature;http://www4.wiwiss.fu-berlin.de/bizer/bsbm/v01/instances/ProductFeature5099
http://www4.wiwiss.fu-berlin.de/bizer/bsbm/v01/instances/dataFrom/Product5754;http://www4.wiwiss.fu-berlin.de/bizer/bsbm/v01/vocabulary/productFeature;http://www4.wiwiss.fu-berlin.de/bizer/bsbm/v01/instances/ProductFeature5099
http://www4.wiwiss.fu-berlin.de/bizer/bsbm/v01/instances/dataFrom/Product5754;http://www4.wiwiss.fu-berlin.de/bizer/bsbm/v01/vocabulary/productFeature;http://www4.wiwiss.fu-berlin.de/bizer/bsbm/v01/instances/ProductFeature5099
http://www4.wiwiss.fu-berlin.de/bizer/bsbm/v01/instances/dataFrom/Product5754;http://www4.wiwiss.fu-berlin.de/bizer/bsbm/v01/vocabulary/productFeature;http://www4.wiwiss.fu-berlin.de/bizer/bsbm/v01/instances/ProductFeature5099
http://www4.wiwiss.fu-berlin.de/bizer/bsbm/v01/instances/dataFrom/Product5754;http://www4.wiwiss.fu-berlin.de/bizer/bsbm/v01/vocabulary/productFeature;http://www4.wiwiss.fu-berlin.de/bizer/bsbm/v01/instances/ProductFeature5101
http://www4.wiwiss.fu-berlin.de/bizer/bsbm/v01/instances/dataFrom/Product5582;http://www4.wiwiss.fu-berlin.de/bizer/bsbm/v01/vocabulary/productFeature;http://www4.wiwiss.fu-berlin.de/bizer/bsbm/v01/instances/ProductFeature5099
http://www4.wiwiss.fu-berlin.de/bizer/bsbm/v01/instances/dataFrom/Product5582;http://www4.wiwiss.fu-berlin.de/bizer/bsbm/v01/vocabulary/productFeature;http://www4.wiwiss.fu-berlin.de/bizer/bsbm/v01/instances/ProductFeature5099
http://www4.wiwiss.fu-berlin.de/bizer/bsbm/v01/instances/dataFrom/Product5582;http://www4.wiwiss.fu-berlin.de/bizer/bsbm/v01/vocabulary/productFeature;http://www4.wiwiss.fu-berlin.de/bizer/bsbm/v01/instances/ProductFeature5099
http://www4.wiwiss.fu-berlin.de/bizer/bsbm/v01/instances/dataFrom/Product5582;http://www4.wiwiss.fu-berlin.de/bizer/bsbm/v01/vocabulary/productFeature;http://www4.wiwiss.fu-berlin.de/bizer/bsbm/v01/instances/ProductFeature5099
http://www4.wiwiss.fu-berlin.de/bizer/bsbm/v01/instances/dataFrom/Product5582;http://www4.wiwiss.fu-berlin.de/bizer/bsbm/v01/vocabulary/productFeature;http://www4.wiwiss.fu-berlin.de/bizer/bsbm/v01/instances/ProductFeature5099
http://www4.wiwiss.fu-berlin.de/bizer/bsbm/v01/instances/dataFrom/Product5582;http://www4.wiwiss.fu-berlin.de/bizer/bsbm/v01/vocabulary/productFeature;http://www4.wiwiss.fu-berlin.de/bizer/bsbm/v01/instances/ProductFeature5099
http://www4.wiwiss.fu-berlin.de/bizer/bsbm/v01/instances/dataFrom/Product5582;http://www4.wiwiss.fu-berlin.de/bizer/bsbm/v01/vocabulary/productFeature;http://www4.wiwiss.fu-berlin.de/bizer/bsbm/v01/instances/ProductFeature5099
http://www4.wiwiss.fu-berlin.de/bizer/bsbm/v01/instances/dataFrom/Product5582;http://www4.wiwiss.fu-berlin.de/bizer/bsbm/v01/vocabulary/productFeature;http://www4.wiwiss.fu-berlin.de/bizer/bsbm/v01/instances/ProductFeature5099
http://www4.wiwiss.fu-berlin.de/bizer/bsbm/v01/instances/dataFrom/Product5582;http://www4.wiwiss.fu-berlin.de/bizer/bsbm/v01/vocabulary/productFeature;http://www4.wiwiss.fu-berlin.de/bizer/bsbm/v01/instances/ProductFeature5099
http://www4.wiwiss.fu-berlin.de/bizer/bsbm/v01/instances/dataFrom/Product5582;http://www4.wiwiss.fu-berlin.de/bizer/bsbm/v01/vocabulary/productFeature;http://www4.wiwiss.fu-berlin.de/bizer/bsbm/v01/instances/ProductFeature5101
http://www4.wiwiss.fu-berlin.de/bizer/bsbm/v01/instances/dataFrom/Product2766;http://www4.wiwiss.fu-berlin.de/bizer/bsbm/v01/vocabulary/productFeature;http://www4.wiwiss.fu-berlin.de/bizer/bsbm/v01/instances/ProductFeature5099
http://www4.wiwiss.fu-berlin.de/bizer/bsbm/v01/instances/dataFrom/Product2766;http://www4.wiwiss.fu-berlin.de/bizer/bsbm/v01/vocabulary/productFeature;http://www4.wiwiss.fu-berlin.de/bizer/bsbm/v01/instances/ProductFeature5099
http://www4.wiwiss.fu-berlin.de/bizer/bsbm/v01/instances/dataFrom/Product2766;http://www4.wiwiss.fu-berlin.de/bizer/bsbm/v01/vocabulary/productFeature;http://www4.wiwiss.fu-berlin.de/bizer/bsbm/v01/instances/ProductFeature5099
http://www4.wiwiss.fu-berlin.de/bizer/bsbm/v01/instances/dataFrom/Product2766;http://www4.wiwiss.fu-berlin.de/bizer/bsbm/v01/vocabulary/productFeature;http://www4.wiwiss.fu-berlin.de/bizer/bsbm/v01/instances/ProductFeature5099
http://www4.wiwiss.fu-berlin.de/bizer/bsbm/v01/instances/dataFrom/Product2766;http://www4.wiwiss.fu-berlin.de/bizer/bsbm/v01/vocabulary/productFeature;http://www4.wiwiss.fu-berlin.de/bizer/bsbm/v01/instances/ProductFeature5099
http://www4.wiwiss.fu-berlin.de/bizer/bsbm/v01/instances/dataFrom/Product2766;http://www4.wiwiss.fu-berlin.de/bizer/bsbm/v01/vocabulary/productFeature;http://www4.wiwiss.fu-berlin.de/bizer/bsbm/v01/instances/ProductFeature5099
http://www4.wiwiss.fu-berlin.de/bizer/bsbm/v01/instances/dataFrom/Product2766;http://www4.wiwiss.fu-berlin.de/bizer/bsbm/v01/vocabulary/productFeature;http://www4.wiwiss.fu-berlin.de/bizer/bsbm/v01/instances/ProductFeature5099
http://www4.wiwiss.fu-berlin.de/bizer/bsbm/v01/instances/dataFrom/Product2766;http://www4.wiwiss.fu-berlin.de/bizer/bsbm/v01/vocabulary/productFeature;http://www4.wiwiss.fu-berlin.de/bizer/bsbm/v01/instances/ProductFeature5099
http://www4.wiwiss.fu-berlin.de/bizer/bsbm/v01/instances/dataFrom/Product2766;http://www4.wiwiss.fu-berlin.de/bizer/bsbm/v01/vocabulary/productFeature;http://www4.wiwiss.fu-berlin.de/bizer/bsbm/v01/instances/ProductFeature5099
http://www4.wiwiss.fu-berlin.de/bizer/bsbm/v01/instances/dataFrom/Product2766;http://www4.wiwiss.fu-berlin.de/bizer/bsbm/v01/vocabulary/productFeature;http://www4.wiwiss.fu-berlin.de/bizer/bsbm/v01/instances/ProductFeature5101
http://www4.wiwiss.fu-berlin.de/bizer/bsbm/v01/instances/dataFrom/Product5789;http://www4.wiwiss.fu-berlin.de/bizer/bsbm/v01/vocabulary/productFeature;http://www4.wiwiss.fu-berlin.de/bizer/bsbm/v01/instances/ProductFeature5099
http://www4.wiwiss.fu-berlin.de/bizer/bsbm/v01/instances/dataFrom/Product5789;http://www4.wiwiss.fu-berlin.de/bizer/bsbm/v01/vocabulary/productFeature;http://www4.wiwiss.fu-berlin.de/bizer/bsbm/v01/instances/ProductFeature5099
http://www4.wiwiss.fu-berlin.de/bizer/bsbm/v01/instances/dataFrom/Product5789;http://www4.wiwiss.fu-berlin.de/bizer/bsbm/v01/vocabulary/productFeature;http://www4.wiwiss.fu-berlin.de/bizer/bsbm/v01/instances/ProductFeature5099
http://www4.wiwiss.fu-berlin.de/bizer/bsbm/v01/instances/dataFrom/Product5789;http://www4.wiwiss.fu-berlin.de/bizer/bsbm/v01/vocabulary/productFeature;http://www4.wiwiss.fu-berlin.de/bizer/bsbm/v01/instances/ProductFeature5099
http://www4.wiwiss.fu-berlin.de/bizer/bsbm/v01/instances/dataFrom/Product5789;http://www4.wiwiss.fu-berlin.de/bizer/bsbm/v01/vocabulary/productFeature;http://www4.wiwiss.fu-berlin.de/bizer/bsbm/v01/instances/ProductFeature5099
http://www4.wiwiss.fu-berlin.de/bizer/bsbm/v01/instances/dataFrom/Product5789;http://www4.wiwiss.fu-berlin.de/bizer/bsbm/v01/vocabulary/productFeature;http://www4.wiwiss.fu-berlin.de/bizer/bsbm/v01/instances/ProductFeature5099
http://www4.wiwiss.fu-berlin.de/bizer/bsbm/v01/instances/dataFrom/Product5789;http://www4.wiwiss.fu-berlin.de/bizer/bsbm/v01/vocabulary/productFeature;http://www4.wiwiss.fu-berlin.de/bizer/bsbm/v01/instances/ProductFeature5099
http://www4.wiwiss.fu-berlin.de/bizer/bsbm/v01/instances/dataFrom/Product5789;http://www4.wiwiss.fu-berlin.de/bizer/bsbm/v01/vocabulary/productFeature;http://www4.wiwiss.fu-berlin.de/bizer/bsbm/v01/instances/ProductFeature5099
http://www4.wiwiss.fu-berlin.de/bizer/bsbm/v01/instances/dataFrom/Product5789;http://www4.wiwiss.fu-berlin.de/bizer/bsbm/v01/vocabulary/productFeature;http://www4.wiwiss.fu-berlin.de/bizer/bsbm/v01/instances/ProductFeature5099
http://www4.wiwiss.fu-berlin.de/bizer/bsbm/v01/instances/dataFrom/Product5789;http://www4.wiwiss.fu-berlin.de/bizer/bsbm/v01/vocabulary/productFeature;http://www4.wiwiss.fu-berlin.de/bizer/bsbm/v01/instances/ProductFeature5101
http://www4.wiwiss.fu-berlin.de/bizer/bsbm/v01/instances/dataFrom/Product1854;http://www4.wiwiss.fu-berlin.de/bizer/bsbm/v01/vocabulary/productFeature;http://www4.wiwiss.fu-berlin.de/bizer/bsbm/v01/instances/ProductFeature5099
http://www4.wiwiss.fu-berlin.de/bizer/bsbm/v01/instances/dataFrom/Product1854;http://www4.wiwiss.fu-berlin.de/bizer/bsbm/v01/vocabulary/productFeature;http://www4.wiwiss.fu-berlin.de/bizer/bsbm/v01/instances/ProductFeature5099
http://www4.wiwiss.fu-berlin.de/bizer/bsbm/v01/instances/dataFrom/Product1854;http://www4.wiwiss.fu-berlin.de/bizer/bsbm/v01/vocabulary/productFeature;http://www4.wiwiss.fu-berlin.de/bizer/bsbm/v01/instances/ProductFeature5099
http://www4.wiwiss.fu-berlin.de/bizer/bsbm/v01/instances/dataFrom/Product1854;http://www4.wiwiss.fu-berlin.de/bizer/bsbm/v01/vocabulary/productFeature;http://www4.wiwiss.fu-berlin.de/bizer/bsbm/v01/instances/ProductFeature5099
http://www4.wiwiss.fu-berlin.de/bizer/bsbm/v01/instances/dataFrom/Product1854;http://www4.wiwiss.fu-berlin.de/bizer/bsbm/v01/vocabulary/productFeature;http://www4.wiwiss.fu-berlin.de/bizer/bsbm/v01/instances/ProductFeature5099
http://www4.wiwiss.fu-berlin.de/bizer/bsbm/v01/instances/dataFrom/Product1854;http://www4.wiwiss.fu-berlin.de/bizer/bsbm/v01/vocabulary/productFeature;http://www4.wiwiss.fu-berlin.de/bizer/bsbm/v01/instances/ProductFeature5099
http://www4.wiwiss.fu-berlin.de/bizer/bsbm/v01/instances/dataFrom/Product1854;http://www4.wiwiss.fu-berlin.de/bizer/bsbm/v01/vocabulary/productFeature;http://www4.wiwiss.fu-berlin.de/bizer/bsbm/v01/instances/ProductFeature5099
http://www4.wiwiss.fu-berlin.de/bizer/bsbm/v01/instances/dataFrom/Product1854;http://www4.wiwiss.fu-berlin.de/bizer/bsbm/v01/vocabulary/productFeature;http://www4.wiwiss.fu-berlin.de/bizer/bsbm/v01/instances/ProductFeature5099
http://www4.wiwiss.fu-berlin.de/bizer/bsbm/v01/instances/dataFrom/Product1854;http://www4.wiwiss.fu-berlin.de/bizer/bsbm/v01/vocabulary/productFeature;http://www4.wiwiss.fu-berlin.de/bizer/bsbm/v01/instances/ProductFeature5099
http://www4.wiwiss.fu-berlin.de/bizer/bsbm/v01/instances/dataFrom/Product1854;http://www4.wiwiss.fu-berlin.de/bizer/bsbm/v01/vocabulary/productFeature;http://www4.wiwiss.fu-berlin.de/bizer/bsbm/v01/instances/ProductFeature5101
http://www4.wiwiss.fu-berlin.de/bizer/bsbm/v01/instances/dataFrom/Product7417;http://www4.wiwiss.fu-berlin.de/bizer/bsbm/v01/vocabulary/productFeature;http://www4.wiwiss.fu-berlin.de/bizer/bsbm/v01/instances/ProductFeature5099
http://www4.wiwiss.fu-berlin.de/bizer/bsbm/v01/instances/dataFrom/Product7417;http://www4.wiwiss.fu-berlin.de/bizer/bsbm/v01/vocabulary/productFeature;http://www4.wiwiss.fu-berlin.de/bizer/bsbm/v01/instances/ProductFeature5099
http://www4.wiwiss.fu-berlin.de/bizer/bsbm/v01/instances/dataFrom/Product7417;http://www4.wiwiss.fu-berlin.de/bizer/bsbm/v01/vocabulary/productFeature;http://www4.wiwiss.fu-berlin.de/bizer/bsbm/v01/instances/ProductFeature5099
http://www4.wiwiss.fu-berlin.de/bizer/bsbm/v01/instances/dataFrom/Product7417;http://www4.wiwiss.fu-berlin.de/bizer/bsbm/v01/vocabulary/productFeature;http://www4.wiwiss.fu-berlin.de/bizer/bsbm/v01/instances/ProductFeature5099
http://www4.wiwiss.fu-berlin.de/bizer/bsbm/v01/instances/dataFrom/Product7417;http://www4.wiwiss.fu-berlin.de/bizer/bsbm/v01/vocabulary/productFeature;http://www4.wiwiss.fu-berlin.de/bizer/bsbm/v01/instances/ProductFeature5099
http://www4.wiwiss.fu-berlin.de/bizer/bsbm/v01/instances/dataFrom/Product7417;http://www4.wiwiss.fu-berlin.de/bizer/bsbm/v01/vocabulary/productFeature;http://www4.wiwiss.fu-berlin.de/bizer/bsbm/v01/instances/ProductFeature5099
http://www4.wiwiss.fu-berlin.de/bizer/bsbm/v01/instances/dataFrom/Product7417;http://www4.wiwiss.fu-berlin.de/bizer/bsbm/v01/vocabulary/productFeature;http://www4.wiwiss.fu-berlin.de/bizer/bsbm/v01/instances/ProductFeature5099
http://www4.wiwiss.fu-berlin.de/bizer/bsbm/v01/instances/dataFrom/Product7417;http://www4.wiwiss.fu-berlin.de/bizer/bsbm/v01/vocabulary/productFeature;http://www4.wiwiss.fu-berlin.de/bizer/bsbm/v01/instances/ProductFeature5099
http://www4.wiwiss.fu-berlin.de/bizer/bsbm/v01/instances/dataFrom/Product7417;http://www4.wiwiss.fu-berlin.de/bizer/bsbm/v01/vocabulary/productFeature;http://www4.wiwiss.fu-berlin.de/bizer/bsbm/v01/instances/ProductFeature5099
http://www4.wiwiss.fu-berlin.de/bizer/bsbm/v01/instances/dataFrom/Product7417;http://www4.wiwiss.fu-berlin.de/bizer/bsbm/v01/vocabulary/productFeature;http://www4.wiwiss.fu-berlin.de/bizer/bsbm/v01/instances/ProductFeature5101
http://www4.wiwiss.fu-berlin.de/bizer/bsbm/v01/instances/dataFrom/Product1129;http://www4.wiwiss.fu-berlin.de/bizer/bsbm/v01/vocabulary/productFeature;http://www4.wiwiss.fu-berlin.de/bizer/bsbm/v01/instances/ProductFeature5099
http://www4.wiwiss.fu-berlin.de/bizer/bsbm/v01/instances/dataFrom/Product1129;http://www4.wiwiss.fu-berlin.de/bizer/bsbm/v01/vocabulary/productFeature;http://www4.wiwiss.fu-berlin.de/bizer/bsbm/v01/instances/ProductFeature5099
http://www4.wiwiss.fu-berlin.de/bizer/bsbm/v01/instances/dataFrom/Product1129;http://www4.wiwiss.fu-berlin.de/bizer/bsbm/v01/vocabulary/productFeature;http://www4.wiwiss.fu-berlin.de/bizer/bsbm/v01/instances/ProductFeature5099
http://www4.wiwiss.fu-berlin.de/bizer/bsbm/v01/instances/dataFrom/Product1129;http://www4.wiwiss.fu-berlin.de/bizer/bsbm/v01/vocabulary/productFeature;http://www4.wiwiss.fu-berlin.de/bizer/bsbm/v01/instances/ProductFeature5099
http://www4.wiwiss.fu-berlin.de/bizer/bsbm/v01/instances/dataFrom/Product1129;http://www4.wiwiss.fu-berlin.de/bizer/bsbm/v01/vocabulary/productFeature;http://www4.wiwiss.fu-berlin.de/bizer/bsbm/v01/instances/ProductFeature5099
http://www4.wiwiss.fu-berlin.de/bizer/bsbm/v01/instances/dataFrom/Product1129;http://www4.wiwiss.fu-berlin.de/bizer/bsbm/v01/vocabulary/productFeature;http://www4.wiwiss.fu-berlin.de/bizer/bsbm/v01/instances/ProductFeature5099
http://www4.wiwiss.fu-berlin.de/bizer/bsbm/v01/instances/dataFrom/Product1129;http://www4.wiwiss.fu-berlin.de/bizer/bsbm/v01/vocabulary/productFeature;http://www4.wiwiss.fu-berlin.de/bizer/bsbm/v01/instances/ProductFeature5099
http://www4.wiwiss.fu-berlin.de/bizer/bsbm/v01/instances/dataFrom/Product1129;http://www4.wiwiss.fu-berlin.de/bizer/bsbm/v01/vocabulary/productFeature;http://www4.wiwiss.fu-berlin.de/bizer/bsbm/v01/instances/ProductFeature5099
http://www4.wiwiss.fu-berlin.de/bizer/bsbm/v01/instances/dataFrom/Product1129;http://www4.wiwiss.fu-berlin.de/bizer/bsbm/v01/vocabulary/productFeature;http://www4.wiwiss.fu-berlin.de/bizer/bsbm/v01/instances/ProductFeature5099
http://www4.wiwiss.fu-berlin.de/bizer/bsbm/v01/instances/dataFrom/Product1129;http://www4.wiwiss.fu-berlin.de/bizer/bsbm/v01/vocabulary/productFeature;http://www4.wiwiss.fu-berlin.de/bizer/bsbm/v01/instances/ProductFeature5101
http://www4.wiwiss.fu-berlin.de/bizer/bsbm/v01/instances/dataFrom/Product9383;http://www4.wiwiss.fu-berlin.de/bizer/bsbm/v01/vocabulary/productFeature;http://www4.wiwiss.fu-berlin.de/bizer/bsbm/v01/instances/ProductFeature5099
http://www4.wiwiss.fu-berlin.de/bizer/bsbm/v01/instances/dataFrom/Product9383;http://www4.wiwiss.fu-berlin.de/bizer/bsbm/v01/vocabulary/productFeature;http://www4.wiwiss.fu-berlin.de/bizer/bsbm/v01/instances/ProductFeature5099
http://www4.wiwiss.fu-berlin.de/bizer/bsbm/v01/instances/dataFrom/Product9383;http://www4.wiwiss.fu-berlin.de/bizer/bsbm/v01/vocabulary/productFeature;http://www4.wiwiss.fu-berlin.de/bizer/bsbm/v01/instances/ProductFeature5099
http://www4.wiwiss.fu-berlin.de/bizer/bsbm/v01/instances/dataFrom/Product9383;http://www4.wiwiss.fu-berlin.de/bizer/bsbm/v01/vocabulary/productFeature;http://www4.wiwiss.fu-berlin.de/bizer/bsbm/v01/instances/ProductFeature5099
http://www4.wiwiss.fu-berlin.de/bizer/bsbm/v01/instances/dataFrom/Product9383;http://www4.wiwiss.fu-berlin.de/bizer/bsbm/v01/vocabulary/productFeature;http://www4.wiwiss.fu-berlin.de/bizer/bsbm/v01/instances/ProductFeature5099
http://www4.wiwiss.fu-berlin.de/bizer/bsbm/v01/instances/dataFrom/Product9383;http://www4.wiwiss.fu-berlin.de/bizer/bsbm/v01/vocabulary/productFeature;http://www4.wiwiss.fu-berlin.de/bizer/bsbm/v01/instances/ProductFeature5099
http://www4.wiwiss.fu-berlin.de/bizer/bsbm/v01/instances/dataFrom/Product9383;http://www4.wiwiss.fu-berlin.de/bizer/bsbm/v01/vocabulary/productFeature;http://www4.wiwiss.fu-berlin.de/bizer/bsbm/v01/instances/ProductFeature5099
http://www4.wiwiss.fu-berlin.de/bizer/bsbm/v01/instances/dataFrom/Product9383;http://www4.wiwiss.fu-berlin.de/bizer/bsbm/v01/vocabulary/productFeature;http://www4.wiwiss.fu-berlin.de/bizer/bsbm/v01/instances/ProductFeature5099
http://www4.wiwiss.fu-berlin.de/bizer/bsbm/v01/instances/dataFrom/Product9383;http://www4.wiwiss.fu-berlin.de/bizer/bsbm/v01/vocabulary/productFeature;http://www4.wiwiss.fu-berlin.de/bizer/bsbm/v01/instances/ProductFeature5099
http://www4.wiwiss.fu-berlin.de/bizer/bsbm/v01/instances/dataFrom/Product9383;http://www4.wiwiss.fu-berlin.de/bizer/bsbm/v01/vocabulary/productFeature;http://www4.wiwiss.fu-berlin.de/bizer/bsbm/v01/instances/ProductFeature5101
http://www4.wiwiss.fu-berlin.de/bizer/bsbm/v01/instances/dataFrom/Product3961;http://www4.wiwiss.fu-berlin.de/bizer/bsbm/v01/vocabulary/productFeature;http://www4.wiwiss.fu-berlin.de/bizer/bsbm/v01/instances/ProductFeature5099
http://www4.wiwiss.fu-berlin.de/bizer/bsbm/v01/instances/dataFrom/Product3961;http://www4.wiwiss.fu-berlin.de/bizer/bsbm/v01/vocabulary/productFeature;http://www4.wiwiss.fu-berlin.de/bizer/bsbm/v01/instances/ProductFeature5099
http://www4.wiwiss.fu-berlin.de/bizer/bsbm/v01/instances/dataFrom/Product3961;http://www4.wiwiss.fu-berlin.de/bizer/bsbm/v01/vocabulary/productFeature;http://www4.wiwiss.fu-berlin.de/bizer/bsbm/v01/instances/ProductFeature5099
http://www4.wiwiss.fu-berlin.de/bizer/bsbm/v01/instances/dataFrom/Product3961;http://www4.wiwiss.fu-berlin.de/bizer/bsbm/v01/vocabulary/productFeature;http://www4.wiwiss.fu-berlin.de/bizer/bsbm/v01/instances/ProductFeature5099
http://www4.wiwiss.fu-berlin.de/bizer/bsbm/v01/instances/dataFrom/Product3961;http://www4.wiwiss.fu-berlin.de/bizer/bsbm/v01/vocabulary/productFeature;http://www4.wiwiss.fu-berlin.de/bizer/bsbm/v01/instances/ProductFeature5099
http://www4.wiwiss.fu-berlin.de/bizer/bsbm/v01/instances/dataFrom/Product3961;http://www4.wiwiss.fu-berlin.de/bizer/bsbm/v01/vocabulary/productFeature;http://www4.wiwiss.fu-berlin.de/bizer/bsbm/v01/instances/ProductFeature5099
http://www4.wiwiss.fu-berlin.de/bizer/bsbm/v01/instances/dataFrom/Product3961;http://www4.wiwiss.fu-berlin.de/bizer/bsbm/v01/vocabulary/productFeature;http://www4.wiwiss.fu-berlin.de/bizer/bsbm/v01/instances/ProductFeature5099
http://www4.wiwiss.fu-berlin.de/bizer/bsbm/v01/instances/dataFrom/Product3961;http://www4.wiwiss.fu-berlin.de/bizer/bsbm/v01/vocabulary/productFeature;http://www4.wiwiss.fu-berlin.de/bizer/bsbm/v01/instances/ProductFeature5099
http://www4.wiwiss.fu-berlin.de/bizer/bsbm/v01/instances/dataFrom/Product3961;http://www4.wiwiss.fu-berlin.de/bizer/bsbm/v01/vocabulary/productFeature;http://www4.wiwiss.fu-berlin.de/bizer/bsbm/v01/instances/ProductFeature5099
http://www4.wiwiss.fu-berlin.de/bizer/bsbm/v01/instances/dataFrom/Product3961;http://www4.wiwiss.fu-berlin.de/bizer/bsbm/v01/vocabulary/productFeature;http://www4.wiwiss.fu-berlin.de/bizer/bsbm/v01/instances/ProductFeature5101
http://www4.wiwiss.fu-berlin.de/bizer/bsbm/v01/instances/dataFrom/Product4672;http://www4.wiwiss.fu-berlin.de/bizer/bsbm/v01/vocabulary/productFeature;http://www4.wiwiss.fu-berlin.de/bizer/bsbm/v01/instances/ProductFeature5099
http://www4.wiwiss.fu-berlin.de/bizer/bsbm/v01/instances/dataFrom/Product4672;http://www4.wiwiss.fu-berlin.de/bizer/bsbm/v01/vocabulary/productFeature;http://www4.wiwiss.fu-berlin.de/bizer/bsbm/v01/instances/ProductFeature5099
http://www4.wiwiss.fu-berlin.de/bizer/bsbm/v01/instances/dataFrom/Product4672;http://www4.wiwiss.fu-berlin.de/bizer/bsbm/v01/vocabulary/productFeature;http://www4.wiwiss.fu-berlin.de/bizer/bsbm/v01/instances/ProductFeature5099
http://www4.wiwiss.fu-berlin.de/bizer/bsbm/v01/instances/dataFrom/Product4672;http://www4.wiwiss.fu-berlin.de/bizer/bsbm/v01/vocabulary/productFeature;http://www4.wiwiss.fu-berlin.de/bizer/bsbm/v01/instances/ProductFeature5099
http://www4.wiwiss.fu-berlin.de/bizer/bsbm/v01/instances/dataFrom/Product4672;http://www4.wiwiss.fu-berlin.de/bizer/bsbm/v01/vocabulary/productFeature;http://www4.wiwiss.fu-berlin.de/bizer/bsbm/v01/instances/ProductFeature5099
http://www4.wiwiss.fu-berlin.de/bizer/bsbm/v01/instances/dataFrom/Product4672;http://www4.wiwiss.fu-berlin.de/bizer/bsbm/v01/vocabulary/productFeature;http://www4.wiwiss.fu-berlin.de/bizer/bsbm/v01/instances/ProductFeature5099
http://www4.wiwiss.fu-berlin.de/bizer/bsbm/v01/instances/dataFrom/Product4672;http://www4.wiwiss.fu-berlin.de/bizer/bsbm/v01/vocabulary/productFeature;http://www4.wiwiss.fu-berlin.de/bizer/bsbm/v01/instances/ProductFeature5099
http://www4.wiwiss.fu-berlin.de/bizer/bsbm/v01/instances/dataFrom/Product4672;http://www4.wiwiss.fu-berlin.de/bizer/bsbm/v01/vocabulary/productFeature;http://www4.wiwiss.fu-berlin.de/bizer/bsbm/v01/instances/ProductFeature5099
http://www4.wiwiss.fu-berlin.de/bizer/bsbm/v01/instances/dataFrom/Product4672;http://www4.wiwiss.fu-berlin.de/bizer/bsbm/v01/vocabulary/productFeature;http://www4.wiwiss.fu-berlin.de/bizer/bsbm/v01/instances/ProductFeature5099
http://www4.wiwiss.fu-berlin.de/bizer/bsbm/v01/instances/dataFrom/Product4672;http://www4.wiwiss.fu-berlin.de/bizer/bsbm/v01/vocabulary/productFeature;http://www4.wiwiss.fu-berlin.de/bizer/bsbm/v01/instances/ProductFeature5101
http://www4.wiwiss.fu-berlin.de/bizer/bsbm/v01/instances/dataFrom/Product9473;http://www4.wiwiss.fu-berlin.de/bizer/bsbm/v01/vocabulary/productFeature;http://www4.wiwiss.fu-berlin.de/bizer/bsbm/v01/instances/ProductFeature5099
http://www4.wiwiss.fu-berlin.de/bizer/bsbm/v01/instances/dataFrom/Product9473;http://www4.wiwiss.fu-berlin.de/bizer/bsbm/v01/vocabulary/productFeature;http://www4.wiwiss.fu-berlin.de/bizer/bsbm/v01/instances/ProductFeature5099
http://www4.wiwiss.fu-berlin.de/bizer/bsbm/v01/instances/dataFrom/Product9473;http://www4.wiwiss.fu-berlin.de/bizer/bsbm/v01/vocabulary/productFeature;http://www4.wiwiss.fu-berlin.de/bizer/bsbm/v01/instances/ProductFeature5099
http://www4.wiwiss.fu-berlin.de/bizer/bsbm/v01/instances/dataFrom/Product9473;http://www4.wiwiss.fu-berlin.de/bizer/bsbm/v01/vocabulary/productFeature;http://www4.wiwiss.fu-berlin.de/bizer/bsbm/v01/instances/ProductFeature5099
http://www4.wiwiss.fu-berlin.de/bizer/bsbm/v01/instances/dataFrom/Product9473;http://www4.wiwiss.fu-berlin.de/bizer/bsbm/v01/vocabulary/productFeature;http://www4.wiwiss.fu-berlin.de/bizer/bsbm/v01/instances/ProductFeature5099
http://www4.wiwiss.fu-berlin.de/bizer/bsbm/v01/instances/dataFrom/Product9473;http://www4.wiwiss.fu-berlin.de/bizer/bsbm/v01/vocabulary/productFeature;http://www4.wiwiss.fu-berlin.de/bizer/bsbm/v01/instances/ProductFeature5099
http://www4.wiwiss.fu-berlin.de/bizer/bsbm/v01/instances/dataFrom/Product9473;http://www4.wiwiss.fu-berlin.de/bizer/bsbm/v01/vocabulary/productFeature;http://www4.wiwiss.fu-berlin.de/bizer/bsbm/v01/instances/ProductFeature5099
http://www4.wiwiss.fu-berlin.de/bizer/bsbm/v01/instances/dataFrom/Product9473;http://www4.wiwiss.fu-berlin.de/bizer/bsbm/v01/vocabulary/productFeature;http://www4.wiwiss.fu-berlin.de/bizer/bsbm/v01/instances/ProductFeature5099
http://www4.wiwiss.fu-berlin.de/bizer/bsbm/v01/instances/dataFrom/Product9473;http://www4.wiwiss.fu-berlin.de/bizer/bsbm/v01/vocabulary/productFeature;http://www4.wiwiss.fu-berlin.de/bizer/bsbm/v01/instances/ProductFeature5099
http://www4.wiwiss.fu-berlin.de/bizer/bsbm/v01/instances/dataFrom/Product9473;http://www4.wiwiss.fu-berlin.de/bizer/bsbm/v01/vocabulary/productFeature;http://www4.wiwiss.fu-berlin.de/bizer/bsbm/v01/instances/ProductFeature5101
http://www4.wiwiss.fu-berlin.de/bizer/bsbm/v01/instances/dataFrom/Product227;http://www4.wiwiss.fu-berlin.de/bizer/bsbm/v01/vocabulary/productFeature;http://www4.wiwiss.fu-berlin.de/bizer/bsbm/v01/instances/ProductFeature5099
http://www4.wiwiss.fu-berlin.de/bizer/bsbm/v01/instances/dataFrom/Product227;http://www4.wiwiss.fu-berlin.de/bizer/bsbm/v01/vocabulary/productFeature;http://www4.wiwiss.fu-berlin.de/bizer/bsbm/v01/instances/ProductFeature5099
http://www4.wiwiss.fu-berlin.de/bizer/bsbm/v01/instances/dataFrom/Product227;http://www4.wiwiss.fu-berlin.de/bizer/bsbm/v01/vocabulary/productFeature;http://www4.wiwiss.fu-berlin.de/bizer/bsbm/v01/instances/ProductFeature5099
http://www4.wiwiss.fu-berlin.de/bizer/bsbm/v01/instances/dataFrom/Product227;http://www4.wiwiss.fu-berlin.de/bizer/bsbm/v01/vocabulary/productFeature;http://www4.wiwiss.fu-berlin.de/bizer/bsbm/v01/instances/ProductFeature5099
http://www4.wiwiss.fu-berlin.de/bizer/bsbm/v01/instances/dataFrom/Product227;http://www4.wiwiss.fu-berlin.de/bizer/bsbm/v01/vocabulary/productFeature;http://www4.wiwiss.fu-berlin.de/bizer/bsbm/v01/instances/ProductFeature5099
http://www4.wiwiss.fu-berlin.de/bizer/bsbm/v01/instances/dataFrom/Product227;http://www4.wiwiss.fu-berlin.de/bizer/bsbm/v01/vocabulary/productFeature;http://www4.wiwiss.fu-berlin.de/bizer/bsbm/v01/instances/ProductFeature5099
http://www4.wiwiss.fu-berlin.de/bizer/bsbm/v01/instances/dataFrom/Product227;http://www4.wiwiss.fu-berlin.de/bizer/bsbm/v01/vocabulary/productFeature;http://www4.wiwiss.fu-berlin.de/bizer/bsbm/v01/instances/ProductFeature5099
http://www4.wiwiss.fu-berlin.de/bizer/bsbm/v01/instances/dataFrom/Product227;http://www4.wiwiss.fu-berlin.de/bizer/bsbm/v01/vocabulary/productFeature;http://www4.wiwiss.fu-berlin.de/bizer/bsbm/v01/instances/ProductFeature5099
http://www4.wiwiss.fu-berlin.de/bizer/bsbm/v01/instances/dataFrom/Product227;http://www4.wiwiss.fu-berlin.de/bizer/bsbm/v01/vocabulary/productFeature;http://www4.wiwiss.fu-berlin.de/bizer/bsbm/v01/instances/ProductFeature5099
http://www4.wiwiss.fu-berlin.de/bizer/bsbm/v01/instances/dataFrom/Product227;http://www4.wiwiss.fu-berlin.de/bizer/bsbm/v01/vocabulary/productFeature;http://www4.wiwiss.fu-berlin.de/bizer/bsbm/v01/instances/ProductFeature5101
http://www4.wiwiss.fu-berlin.de/bizer/bsbm/v01/instances/dataFrom/Product417;http://www4.wiwiss.fu-berlin.de/bizer/bsbm/v01/vocabulary/productFeature;http://www4.wiwiss.fu-berlin.de/bizer/bsbm/v01/instances/ProductFeature5099
http://www4.wiwiss.fu-berlin.de/bizer/bsbm/v01/instances/dataFrom/Product417;http://www4.wiwiss.fu-berlin.de/bizer/bsbm/v01/vocabulary/productFeature;http://www4.wiwiss.fu-berlin.de/bizer/bsbm/v01/instances/ProductFeature5099
http://www4.wiwiss.fu-berlin.de/bizer/bsbm/v01/instances/dataFrom/Product417;http://www4.wiwiss.fu-berlin.de/bizer/bsbm/v01/vocabulary/productFeature;http://www4.wiwiss.fu-berlin.de/bizer/bsbm/v01/instances/ProductFeature5099
http://www4.wiwiss.fu-berlin.de/bizer/bsbm/v01/instances/dataFrom/Product417;http://www4.wiwiss.fu-berlin.de/bizer/bsbm/v01/vocabulary/productFeature;http://www4.wiwiss.fu-berlin.de/bizer/bsbm/v01/instances/ProductFeature5099
http://www4.wiwiss.fu-berlin.de/bizer/bsbm/v01/instances/dataFrom/Product417;http://www4.wiwiss.fu-berlin.de/bizer/bsbm/v01/vocabulary/productFeature;http://www4.wiwiss.fu-berlin.de/bizer/bsbm/v01/instances/ProductFeature5099
http://www4.wiwiss.fu-berlin.de/bizer/bsbm/v01/instances/dataFrom/Product417;http://www4.wiwiss.fu-berlin.de/bizer/bsbm/v01/vocabulary/productFeature;http://www4.wiwiss.fu-berlin.de/bizer/bsbm/v01/instances/ProductFeature5099
http://www4.wiwiss.fu-berlin.de/bizer/bsbm/v01/instances/dataFrom/Product417;http://www4.wiwiss.fu-berlin.de/bizer/bsbm/v01/vocabulary/productFeature;http://www4.wiwiss.fu-berlin.de/bizer/bsbm/v01/instances/ProductFeature5099
http://www4.wiwiss.fu-berlin.de/bizer/bsbm/v01/instances/dataFrom/Product417;http://www4.wiwiss.fu-berlin.de/bizer/bsbm/v01/vocabulary/productFeature;http://www4.wiwiss.fu-berlin.de/bizer/bsbm/v01/instances/ProductFeature5099
http://www4.wiwiss.fu-berlin.de/bizer/bsbm/v01/instances/dataFrom/Product417;http://www4.wiwiss.fu-berlin.de/bizer/bsbm/v01/vocabulary/productFeature;http://www4.wiwiss.fu-berlin.de/bizer/bsbm/v01/instances/ProductFeature5099
http://www4.wiwiss.fu-berlin.de/bizer/bsbm/v01/instances/dataFrom/Product417;http://www4.wiwiss.fu-berlin.de/bizer/bsbm/v01/vocabulary/productFeature;http://www4.wiwiss.fu-berlin.de/bizer/bsbm/v01/instances/ProductFeature5101
http://www4.wiwiss.fu-berlin.de/bizer/bsbm/v01/instances/dataFrom/Product3827;http://www4.wiwiss.fu-berlin.de/bizer/bsbm/v01/vocabulary/productFeature;http://www4.wiwiss.fu-berlin.de/bizer/bsbm/v01/instances/ProductFeature5099
http://www4.wiwiss.fu-berlin.de/bizer/bsbm/v01/instances/dataFrom/Product3827;http://www4.wiwiss.fu-berlin.de/bizer/bsbm/v01/vocabulary/productFeature;http://www4.wiwiss.fu-berlin.de/bizer/bsbm/v01/instances/ProductFeature5099
http://www4.wiwiss.fu-berlin.de/bizer/bsbm/v01/instances/dataFrom/Product3827;http://www4.wiwiss.fu-berlin.de/bizer/bsbm/v01/vocabulary/productFeature;http://www4.wiwiss.fu-berlin.de/bizer/bsbm/v01/instances/ProductFeature5099
http://www4.wiwiss.fu-berlin.de/bizer/bsbm/v01/instances/dataFrom/Product3827;http://www4.wiwiss.fu-berlin.de/bizer/bsbm/v01/vocabulary/productFeature;http://www4.wiwiss.fu-berlin.de/bizer/bsbm/v01/instances/ProductFeature5099
http://www4.wiwiss.fu-berlin.de/bizer/bsbm/v01/instances/dataFrom/Product3827;http://www4.wiwiss.fu-berlin.de/bizer/bsbm/v01/vocabulary/productFeature;http://www4.wiwiss.fu-berlin.de/bizer/bsbm/v01/instances/ProductFeature5099
http://www4.wiwiss.fu-berlin.de/bizer/bsbm/v01/instances/dataFrom/Product3827;http://www4.wiwiss.fu-berlin.de/bizer/bsbm/v01/vocabulary/productFeature;http://www4.wiwiss.fu-berlin.de/bizer/bsbm/v01/instances/ProductFeature5099
http://www4.wiwiss.fu-berlin.de/bizer/bsbm/v01/instances/dataFrom/Product3827;http://www4.wiwiss.fu-berlin.de/bizer/bsbm/v01/vocabulary/productFeature;http://www4.wiwiss.fu-berlin.de/bizer/bsbm/v01/instances/ProductFeature5099
http://www4.wiwiss.fu-berlin.de/bizer/bsbm/v01/instances/dataFrom/Product3827;http://www4.wiwiss.fu-berlin.de/bizer/bsbm/v01/vocabulary/productFeature;http://www4.wiwiss.fu-berlin.de/bizer/bsbm/v01/instances/ProductFeature5099
http://www4.wiwiss.fu-berlin.de/bizer/bsbm/v01/instances/dataFrom/Product3827;http://www4.wiwiss.fu-berlin.de/bizer/bsbm/v01/vocabulary/productFeature;http://www4.wiwiss.fu-berlin.de/bizer/bsbm/v01/instances/ProductFeature5099
http://www4.wiwiss.fu-berlin.de/bizer/bsbm/v01/instances/dataFrom/Product3827;http://www4.wiwiss.fu-berlin.de/bizer/bsbm/v01/vocabulary/productFeature;http://www4.wiwiss.fu-berlin.de/bizer/bsbm/v01/instances/ProductFeature5101
http://www4.wiwiss.fu-berlin.de/bizer/bsbm/v01/instances/dataFrom/Product5645;http://www4.wiwiss.fu-berlin.de/bizer/bsbm/v01/vocabulary/productFeature;http://www4.wiwiss.fu-berlin.de/bizer/bsbm/v01/instances/ProductFeature5099
http://www4.wiwiss.fu-berlin.de/bizer/bsbm/v01/instances/dataFrom/Product5645;http://www4.wiwiss.fu-berlin.de/bizer/bsbm/v01/vocabulary/productFeature;http://www4.wiwiss.fu-berlin.de/bizer/bsbm/v01/instances/ProductFeature5099
http://www4.wiwiss.fu-berlin.de/bizer/bsbm/v01/instances/dataFrom/Product5645;http://www4.wiwiss.fu-berlin.de/bizer/bsbm/v01/vocabulary/productFeature;http://www4.wiwiss.fu-berlin.de/bizer/bsbm/v01/instances/ProductFeature5099
http://www4.wiwiss.fu-berlin.de/bizer/bsbm/v01/instances/dataFrom/Product5645;http://www4.wiwiss.fu-berlin.de/bizer/bsbm/v01/vocabulary/productFeature;http://www4.wiwiss.fu-berlin.de/bizer/bsbm/v01/instances/ProductFeature5099
http://www4.wiwiss.fu-berlin.de/bizer/bsbm/v01/instances/dataFrom/Product5645;http://www4.wiwiss.fu-berlin.de/bizer/bsbm/v01/vocabulary/productFeature;http://www4.wiwiss.fu-berlin.de/bizer/bsbm/v01/instances/ProductFeature5099
http://www4.wiwiss.fu-berlin.de/bizer/bsbm/v01/instances/dataFrom/Product5645;http://www4.wiwiss.fu-berlin.de/bizer/bsbm/v01/vocabulary/productFeature;http://www4.wiwiss.fu-berlin.de/bizer/bsbm/v01/instances/ProductFeature5099
http://www4.wiwiss.fu-berlin.de/bizer/bsbm/v01/instances/dataFrom/Product5645;http://www4.wiwiss.fu-berlin.de/bizer/bsbm/v01/vocabulary/productFeature;http://www4.wiwiss.fu-berlin.de/bizer/bsbm/v01/instances/ProductFeature5099
http://www4.wiwiss.fu-berlin.de/bizer/bsbm/v01/instances/dataFrom/Product5645;http://www4.wiwiss.fu-berlin.de/bizer/bsbm/v01/vocabulary/productFeature;http://www4.wiwiss.fu-berlin.de/bizer/bsbm/v01/instances/ProductFeature5099
http://www4.wiwiss.fu-berlin.de/bizer/bsbm/v01/instances/dataFrom/Product5645;http://www4.wiwiss.fu-berlin.de/bizer/bsbm/v01/vocabulary/productFeature;http://www4.wiwiss.fu-berlin.de/bizer/bsbm/v01/instances/ProductFeature5099
http://www4.wiwiss.fu-berlin.de/bizer/bsbm/v01/instances/dataFrom/Product5645;http://www4.wiwiss.fu-berlin.de/bizer/bsbm/v01/vocabulary/productFeature;http://www4.wiwiss.fu-berlin.de/bizer/bsbm/v01/instances/ProductFeature5101
http://www4.wiwiss.fu-berlin.de/bizer/bsbm/v01/instances/dataFrom/Product4528;http://www4.wiwiss.fu-berlin.de/bizer/bsbm/v01/vocabulary/productFeature;http://www4.wiwiss.fu-berlin.de/bizer/bsbm/v01/instances/ProductFeature5099
http://www4.wiwiss.fu-berlin.de/bizer/bsbm/v01/instances/dataFrom/Product4528;http://www4.wiwiss.fu-berlin.de/bizer/bsbm/v01/vocabulary/productFeature;http://www4.wiwiss.fu-berlin.de/bizer/bsbm/v01/instances/ProductFeature5099
http://www4.wiwiss.fu-berlin.de/bizer/bsbm/v01/instances/dataFrom/Product4528;http://www4.wiwiss.fu-berlin.de/bizer/bsbm/v01/vocabulary/productFeature;http://www4.wiwiss.fu-berlin.de/bizer/bsbm/v01/instances/ProductFeature5099
http://www4.wiwiss.fu-berlin.de/bizer/bsbm/v01/instances/dataFrom/Product4528;http://www4.wiwiss.fu-berlin.de/bizer/bsbm/v01/vocabulary/productFeature;http://www4.wiwiss.fu-berlin.de/bizer/bsbm/v01/instances/ProductFeature5099
http://www4.wiwiss.fu-berlin.de/bizer/bsbm/v01/instances/dataFrom/Product4528;http://www4.wiwiss.fu-berlin.de/bizer/bsbm/v01/vocabulary/productFeature;http://www4.wiwiss.fu-berlin.de/bizer/bsbm/v01/instances/ProductFeature5099
http://www4.wiwiss.fu-berlin.de/bizer/bsbm/v01/instances/dataFrom/Product4528;http://www4.wiwiss.fu-berlin.de/bizer/bsbm/v01/vocabulary/productFeature;http://www4.wiwiss.fu-berlin.de/bizer/bsbm/v01/instances/ProductFeature5099
http://www4.wiwiss.fu-berlin.de/bizer/bsbm/v01/instances/dataFrom/Product4528;http://www4.wiwiss.fu-berlin.de/bizer/bsbm/v01/vocabulary/productFeature;http://www4.wiwiss.fu-berlin.de/bizer/bsbm/v01/instances/ProductFeature5099
http://www4.wiwiss.fu-berlin.de/bizer/bsbm/v01/instances/dataFrom/Product4528;http://www4.wiwiss.fu-berlin.de/bizer/bsbm/v01/vocabulary/productFeature;http://www4.wiwiss.fu-berlin.de/bizer/bsbm/v01/instances/ProductFeature5099
http://www4.wiwiss.fu-berlin.de/bizer/bsbm/v01/instances/dataFrom/Product4528;http://www4.wiwiss.fu-berlin.de/bizer/bsbm/v01/vocabulary/productFeature;http://www4.wiwiss.fu-berlin.de/bizer/bsbm/v01/instances/ProductFeature5099
http://www4.wiwiss.fu-berlin.de/bizer/bsbm/v01/instances/dataFrom/Product4528;http://www4.wiwiss.fu-berlin.de/bizer/bsbm/v01/vocabulary/productFeature;http://www4.wiwiss.fu-berlin.de/bizer/bsbm/v01/instances/ProductFeature5101
http://www4.wiwiss.fu-berlin.de/bizer/bsbm/v01/instances/dataFrom/Product4300;http://www4.wiwiss.fu-berlin.de/bizer/bsbm/v01/vocabulary/productFeature;http://www4.wiwiss.fu-berlin.de/bizer/bsbm/v01/instances/ProductFeature5099
http://www4.wiwiss.fu-berlin.de/bizer/bsbm/v01/instances/dataFrom/Product4300;http://www4.wiwiss.fu-berlin.de/bizer/bsbm/v01/vocabulary/productFeature;http://www4.wiwiss.fu-berlin.de/bizer/bsbm/v01/instances/ProductFeature5099
http://www4.wiwiss.fu-berlin.de/bizer/bsbm/v01/instances/dataFrom/Product4300;http://www4.wiwiss.fu-berlin.de/bizer/bsbm/v01/vocabulary/productFeature;http://www4.wiwiss.fu-berlin.de/bizer/bsbm/v01/instances/ProductFeature5099
http://www4.wiwiss.fu-berlin.de/bizer/bsbm/v01/instances/dataFrom/Product4300;http://www4.wiwiss.fu-berlin.de/bizer/bsbm/v01/vocabulary/productFeature;http://www4.wiwiss.fu-berlin.de/bizer/bsbm/v01/instances/ProductFeature5099
http://www4.wiwiss.fu-berlin.de/bizer/bsbm/v01/instances/dataFrom/Product4300;http://www4.wiwiss.fu-berlin.de/bizer/bsbm/v01/vocabulary/productFeature;http://www4.wiwiss.fu-berlin.de/bizer/bsbm/v01/instances/ProductFeature5099
http://www4.wiwiss.fu-berlin.de/bizer/bsbm/v01/instances/dataFrom/Product4300;http://www4.wiwiss.fu-berlin.de/bizer/bsbm/v01/vocabulary/productFeature;http://www4.wiwiss.fu-berlin.de/bizer/bsbm/v01/instances/ProductFeature5099
http://www4.wiwiss.fu-berlin.de/bizer/bsbm/v01/instances/dataFrom/Product4300;http://www4.wiwiss.fu-berlin.de/bizer/bsbm/v01/vocabulary/productFeature;http://www4.wiwiss.fu-berlin.de/bizer/bsbm/v01/instances/ProductFeature5099
http://www4.wiwiss.fu-berlin.de/bizer/bsbm/v01/instances/dataFrom/Product4300;http://www4.wiwiss.fu-berlin.de/bizer/bsbm/v01/vocabulary/productFeature;http://www4.wiwiss.fu-berlin.de/bizer/bsbm/v01/instances/ProductFeature5099
http://www4.wiwiss.fu-berlin.de/bizer/bsbm/v01/instances/dataFrom/Product4300;http://www4.wiwiss.fu-berlin.de/bizer/bsbm/v01/vocabulary/productFeature;http://www4.wiwiss.fu-berlin.de/bizer/bsbm/v01/instances/ProductFeature5099
http://www4.wiwiss.fu-berlin.de/bizer/bsbm/v01/instances/dataFrom/Product4300;http://www4.wiwiss.fu-berlin.de/bizer/bsbm/v01/vocabulary/productFeature;http://www4.wiwiss.fu-berlin.de/bizer/bsbm/v01/instances/ProductFeature5101
