http://www4.wiwiss.fu-berlin.de/bizer/bsbm/v01/instances/dataFromProducer82/Product3862;http://www.w3.org/1999/02/22-rdf-syntax-ns#type;http://www4.wiwiss.fu-berlin.de/bizer/bsbm/v01/vocabulary/Product
http://www4.wiwiss.fu-berlin.de/bizer/bsbm/v01/instances/dataFromProducer82/Product3862;http://www.w3.org/1999/02/22-rdf-syntax-ns#type;http://www4.wiwiss.fu-berlin.de/bizer/bsbm/v01/instances/ProductType97
http://www4.wiwiss.fu-berlin.de/bizer/bsbm/v01/instances/dataFromProducer82/Product3862;http://www.w3.org/2000/01/rdf-schema#label;fevered clitoridean
http://www4.wiwiss.fu-berlin.de/bizer/bsbm/v01/instances/dataFromProducer82/Product3862;http://www.w3.org/2000/01/rdf-schema#comment;razer repasting imitates chronologically marvelled restores stereospecific amoles angolans airlessness braggadocios sailorly fluorinations footboards oppositely jobber trepans swifter inspiriting amplifiable doffers gleba incarnating polluters pregame caves restyling spikers secrets convulsing resumers judgement outre shitting pettier hauteur easily dispose helot defining tootles daces oolong lusts prerecording turmoiled fumigates nerviest socketed explicates hardiest transparency forays exhibits destroyable pudendum gratia facileness prenuptial cicatrix susceptiveness concurrences hypoxic ideologic nondestructiveness seedpods biogeographic pursues censored squabby schmalzy efflux stranding backsliders electromagnetic dippable cunningness timecards fosse unprotestingly lugubriously ballades flenser philatelists pointer magyar adoptability bloodthirstiest fluffier unattempted
http://www4.wiwiss.fu-berlin.de/bizer/bsbm/v01/instances/dataFromProducer82/Product3862;http://www4.wiwiss.fu-berlin.de/bizer/bsbm/v01/vocabulary/productPropertyNumeric1;1199
http://www4.wiwiss.fu-berlin.de/bizer/bsbm/v01/instances/dataFromProducer82/Product3862;http://www4.wiwiss.fu-berlin.de/bizer/bsbm/v01/vocabulary/productPropertyNumeric2;632
http://www4.wiwiss.fu-berlin.de/bizer/bsbm/v01/instances/dataFromProducer82/Product3862;http://www4.wiwiss.fu-berlin.de/bizer/bsbm/v01/vocabulary/productPropertyNumeric3;345
http://www4.wiwiss.fu-berlin.de/bizer/bsbm/v01/instances/dataFromProducer82/Product3862;http://www4.wiwiss.fu-berlin.de/bizer/bsbm/v01/vocabulary/productPropertyNumeric4;141
http://www4.wiwiss.fu-berlin.de/bizer/bsbm/v01/instances/dataFromProducer82/Product3862;http://www4.wiwiss.fu-berlin.de/bizer/bsbm/v01/vocabulary/productPropertyNumeric5;612
http://www4.wiwiss.fu-berlin.de/bizer/bsbm/v01/instances/dataFromProducer82/Product3862;http://www4.wiwiss.fu-berlin.de/bizer/bsbm/v01/vocabulary/productPropertyTextual1;plantings mutability aeration
http://www4.wiwiss.fu-berlin.de/bizer/bsbm/v01/instances/dataFromProducer82/Product3862;http://www4.wiwiss.fu-berlin.de/bizer/bsbm/v01/vocabulary/productPropertyTextual2;pavings bitterns walnuts espy subminiature landings acidness circusy slipcases
http://www4.wiwiss.fu-berlin.de/bizer/bsbm/v01/instances/dataFromProducer82/Product3862;http://www4.wiwiss.fu-berlin.de/bizer/bsbm/v01/vocabulary/productPropertyTextual3;umbered prewarmed pained allotter sweating erections centaurs
http://www4.wiwiss.fu-berlin.de/bizer/bsbm/v01/instances/dataFromProducer82/Product3862;http://www4.wiwiss.fu-berlin.de/bizer/bsbm/v01/vocabulary/productPropertyTextual4;mordanting maquettes dustier renegotiation disapproving felicitated
http://www4.wiwiss.fu-berlin.de/bizer/bsbm/v01/instances/dataFromProducer82/Product3862;http://www4.wiwiss.fu-berlin.de/bizer/bsbm/v01/vocabulary/productPropertyTextual5;carcinogeneses outshouts mille dawns faster empathize mutinies frivoling normalcies
http://www4.wiwiss.fu-berlin.de/bizer/bsbm/v01/instances/dataFromProducer82/Product3862;http://www4.wiwiss.fu-berlin.de/bizer/bsbm/v01/vocabulary/productFeature;http://www4.wiwiss.fu-berlin.de/bizer/bsbm/v01/instances/ProductFeature2990
http://www4.wiwiss.fu-berlin.de/bizer/bsbm/v01/instances/dataFromProducer82/Product3862;http://www4.wiwiss.fu-berlin.de/bizer/bsbm/v01/vocabulary/productFeature;http://www4.wiwiss.fu-berlin.de/bizer/bsbm/v01/instances/ProductFeature2992
http://www4.wiwiss.fu-berlin.de/bizer/bsbm/v01/instances/dataFromProducer82/Product3862;http://www4.wiwiss.fu-berlin.de/bizer/bsbm/v01/vocabulary/productFeature;http://www4.wiwiss.fu-berlin.de/bizer/bsbm/v01/instances/ProductFeature2996
http://www4.wiwiss.fu-berlin.de/bizer/bsbm/v01/instances/dataFromProducer82/Product3862;http://www4.wiwiss.fu-berlin.de/bizer/bsbm/v01/vocabulary/productFeature;http://www4.wiwiss.fu-berlin.de/bizer/bsbm/v01/instances/ProductFeature2997
http://www4.wiwiss.fu-berlin.de/bizer/bsbm/v01/instances/dataFromProducer82/Product3862;http://www4.wiwiss.fu-berlin.de/bizer/bsbm/v01/vocabulary/productFeature;http://www4.wiwiss.fu-berlin.de/bizer/bsbm/v01/instances/ProductFeature2998
http://www4.wiwiss.fu-berlin.de/bizer/bsbm/v01/instances/dataFromProducer82/Product3862;http://www4.wiwiss.fu-berlin.de/bizer/bsbm/v01/vocabulary/productFeature;http://www4.wiwiss.fu-berlin.de/bizer/bsbm/v01/instances/ProductFeature3001
http://www4.wiwiss.fu-berlin.de/bizer/bsbm/v01/instances/dataFromProducer82/Product3862;http://www4.wiwiss.fu-berlin.de/bizer/bsbm/v01/vocabulary/productFeature;http://www4.wiwiss.fu-berlin.de/bizer/bsbm/v01/instances/ProductFeature3002
http://www4.wiwiss.fu-berlin.de/bizer/bsbm/v01/instances/dataFromProducer82/Product3862;http://www4.wiwiss.fu-berlin.de/bizer/bsbm/v01/vocabulary/productFeature;http://www4.wiwiss.fu-berlin.de/bizer/bsbm/v01/instances/ProductFeature3005
http://www4.wiwiss.fu-berlin.de/bizer/bsbm/v01/instances/dataFromProducer82/Product3862;http://www4.wiwiss.fu-berlin.de/bizer/bsbm/v01/vocabulary/productFeature;http://www4.wiwiss.fu-berlin.de/bizer/bsbm/v01/instances/ProductFeature3006
http://www4.wiwiss.fu-berlin.de/bizer/bsbm/v01/instances/dataFromProducer82/Product3862;http://www4.wiwiss.fu-berlin.de/bizer/bsbm/v01/vocabulary/productFeature;http://www4.wiwiss.fu-berlin.de/bizer/bsbm/v01/instances/ProductFeature3007
http://www4.wiwiss.fu-berlin.de/bizer/bsbm/v01/instances/dataFromProducer82/Product3862;http://www4.wiwiss.fu-berlin.de/bizer/bsbm/v01/vocabulary/productFeature;http://www4.wiwiss.fu-berlin.de/bizer/bsbm/v01/instances/ProductFeature3011
http://www4.wiwiss.fu-berlin.de/bizer/bsbm/v01/instances/dataFromProducer82/Product3862;http://www4.wiwiss.fu-berlin.de/bizer/bsbm/v01/vocabulary/productFeature;http://www4.wiwiss.fu-berlin.de/bizer/bsbm/v01/instances/ProductFeature3012
http://www4.wiwiss.fu-berlin.de/bizer/bsbm/v01/instances/dataFromProducer82/Product3862;http://www4.wiwiss.fu-berlin.de/bizer/bsbm/v01/vocabulary/productFeature;http://www4.wiwiss.fu-berlin.de/bizer/bsbm/v01/instances/ProductFeature3016
http://www4.wiwiss.fu-berlin.de/bizer/bsbm/v01/instances/dataFromProducer82/Product3862;http://www4.wiwiss.fu-berlin.de/bizer/bsbm/v01/vocabulary/productFeature;http://www4.wiwiss.fu-berlin.de/bizer/bsbm/v01/instances/ProductFeature3017
http://www4.wiwiss.fu-berlin.de/bizer/bsbm/v01/instances/dataFromProducer82/Product3862;http://www4.wiwiss.fu-berlin.de/bizer/bsbm/v01/vocabulary/productFeature;http://www4.wiwiss.fu-berlin.de/bizer/bsbm/v01/instances/ProductFeature3019
http://www4.wiwiss.fu-berlin.de/bizer/bsbm/v01/instances/dataFromProducer82/Product3862;http://www4.wiwiss.fu-berlin.de/bizer/bsbm/v01/vocabulary/productFeature;http://www4.wiwiss.fu-berlin.de/bizer/bsbm/v01/instances/ProductFeature337
http://www4.wiwiss.fu-berlin.de/bizer/bsbm/v01/instances/dataFromProducer82/Product3862;http://www4.wiwiss.fu-berlin.de/bizer/bsbm/v01/vocabulary/productFeature;http://www4.wiwiss.fu-berlin.de/bizer/bsbm/v01/instances/ProductFeature344
http://www4.wiwiss.fu-berlin.de/bizer/bsbm/v01/instances/dataFromProducer82/Product3862;http://www4.wiwiss.fu-berlin.de/bizer/bsbm/v01/vocabulary/productFeature;http://www4.wiwiss.fu-berlin.de/bizer/bsbm/v01/instances/ProductFeature349
http://www4.wiwiss.fu-berlin.de/bizer/bsbm/v01/instances/dataFromProducer82/Product3862;http://www4.wiwiss.fu-berlin.de/bizer/bsbm/v01/vocabulary/productFeature;http://www4.wiwiss.fu-berlin.de/bizer/bsbm/v01/instances/ProductFeature360
http://www4.wiwiss.fu-berlin.de/bizer/bsbm/v01/instances/dataFromProducer82/Product3862;http://www4.wiwiss.fu-berlin.de/bizer/bsbm/v01/vocabulary/productFeature;http://www4.wiwiss.fu-berlin.de/bizer/bsbm/v01/instances/ProductFeature366
http://www4.wiwiss.fu-berlin.de/bizer/bsbm/v01/instances/dataFromProducer82/Product3862;http://www4.wiwiss.fu-berlin.de/bizer/bsbm/v01/vocabulary/productFeature;http://www4.wiwiss.fu-berlin.de/bizer/bsbm/v01/instances/ProductFeature370
http://www4.wiwiss.fu-berlin.de/bizer/bsbm/v01/instances/dataFromProducer82/Product3862;http://www4.wiwiss.fu-berlin.de/bizer/bsbm/v01/vocabulary/productFeature;http://www4.wiwiss.fu-berlin.de/bizer/bsbm/v01/instances/ProductFeature374
http://www4.wiwiss.fu-berlin.de/bizer/bsbm/v01/instances/dataFromProducer82/Product3862;http://www4.wiwiss.fu-berlin.de/bizer/bsbm/v01/vocabulary/productFeature;http://www4.wiwiss.fu-berlin.de/bizer/bsbm/v01/instances/ProductFeature377
http://www4.wiwiss.fu-berlin.de/bizer/bsbm/v01/instances/dataFromProducer82/Product3862;http://www4.wiwiss.fu-berlin.de/bizer/bsbm/v01/vocabulary/productFeature;http://www4.wiwiss.fu-berlin.de/bizer/bsbm/v01/instances/ProductFeature3
http://www4.wiwiss.fu-berlin.de/bizer/bsbm/v01/instances/dataFromProducer82/Product3862;http://www4.wiwiss.fu-berlin.de/bizer/bsbm/v01/vocabulary/productFeature;http://www4.wiwiss.fu-berlin.de/bizer/bsbm/v01/instances/ProductFeature7
http://www4.wiwiss.fu-berlin.de/bizer/bsbm/v01/instances/dataFromProducer82/Product3862;http://www4.wiwiss.fu-berlin.de/bizer/bsbm/v01/vocabulary/productFeature;http://www4.wiwiss.fu-berlin.de/bizer/bsbm/v01/instances/ProductFeature12
http://www4.wiwiss.fu-berlin.de/bizer/bsbm/v01/instances/dataFromProducer82/Product3862;http://www4.wiwiss.fu-berlin.de/bizer/bsbm/v01/vocabulary/productFeature;http://www4.wiwiss.fu-berlin.de/bizer/bsbm/v01/instances/ProductFeature21
http://www4.wiwiss.fu-berlin.de/bizer/bsbm/v01/instances/dataFromProducer82/Product3862;http://www4.wiwiss.fu-berlin.de/bizer/bsbm/v01/vocabulary/producer;http://www4.wiwiss.fu-berlin.de/bizer/bsbm/v01/instances/dataFromProducer82/Producer82
http://www4.wiwiss.fu-berlin.de/bizer/bsbm/v01/instances/dataFromProducer82/Product3862;http://purl.org/dc/elements/1.1/publisher;http://www4.wiwiss.fu-berlin.de/bizer/bsbm/v01/instances/dataFromProducer82/Producer82
http://www4.wiwiss.fu-berlin.de/bizer/bsbm/v01/instances/dataFromProducer82/Product3862;http://purl.org/dc/elements/1.1/date;2005-08-10
