http://www4.wiwiss.fu-berlin.de/bizer/bsbm/v01/instances/dataFromProducer3/Product137;http://www.w3.org/1999/02/22-rdf-syntax-ns#type;http://www4.wiwiss.fu-berlin.de/bizer/bsbm/v01/vocabulary/Product
http://www4.wiwiss.fu-berlin.de/bizer/bsbm/v01/instances/dataFromProducer3/Product137;http://www.w3.org/1999/02/22-rdf-syntax-ns#type;http://www4.wiwiss.fu-berlin.de/bizer/bsbm/v01/instances/ProductType130
http://www4.wiwiss.fu-berlin.de/bizer/bsbm/v01/instances/dataFromProducer3/Product137;http://www.w3.org/2000/01/rdf-schema#label;imbeciles dribbed prevailing
http://www4.wiwiss.fu-berlin.de/bizer/bsbm/v01/instances/dataFromProducer3/Product137;http://www.w3.org/2000/01/rdf-schema#comment;aeroplane chelates bondable waterfronts bicentennials depolishes dwarfer lades disorganized coteries unjudicially dyes insusceptibility explicating stargazers eponym fellatrices questionably osmoses regarding redescribes incidence appraisingly hexahedral adventured delegated inflictions washcloths squabbles prefabbed vouching gauziest despites confinements foxtrot oui predigestion dominions unsilenced honorer filing fornicatrix vindicates ravens shunpikes pruner bursars fleshed bidder regressiveness scalding tingles unrulier specialists slouchier mignonne yelping booboos preachier matched nominatively spanners daiquiri disbanding oohed elastin specs sulphurizing decriminalization skyjacking passiveness swallowtails slowness fictitiously flunks coquetry inarticulateness spences obstruction soggily hijacking gibs martyrs oncological reconveyance oiliness unveiled waywardness ires collectors sleeks reared benzoic priories hurdler alliterates stakeouts protraction moonward mainliner galvanically climates otology zymogenic abortifacient hybridizers subvariety etagere flymen runoffs pinkings dregs
http://www4.wiwiss.fu-berlin.de/bizer/bsbm/v01/instances/dataFromProducer3/Product137;http://www4.wiwiss.fu-berlin.de/bizer/bsbm/v01/vocabulary/productPropertyNumeric1;231
http://www4.wiwiss.fu-berlin.de/bizer/bsbm/v01/instances/dataFromProducer3/Product137;http://www4.wiwiss.fu-berlin.de/bizer/bsbm/v01/vocabulary/productPropertyNumeric2;257
http://www4.wiwiss.fu-berlin.de/bizer/bsbm/v01/instances/dataFromProducer3/Product137;http://www4.wiwiss.fu-berlin.de/bizer/bsbm/v01/vocabulary/productPropertyNumeric3;1411
http://www4.wiwiss.fu-berlin.de/bizer/bsbm/v01/instances/dataFromProducer3/Product137;http://www4.wiwiss.fu-berlin.de/bizer/bsbm/v01/vocabulary/productPropertyNumeric4;251
http://www4.wiwiss.fu-berlin.de/bizer/bsbm/v01/instances/dataFromProducer3/Product137;http://www4.wiwiss.fu-berlin.de/bizer/bsbm/v01/vocabulary/productPropertyNumeric5;867
http://www4.wiwiss.fu-berlin.de/bizer/bsbm/v01/instances/dataFromProducer3/Product137;http://www4.wiwiss.fu-berlin.de/bizer/bsbm/v01/vocabulary/productPropertyTextual1;perfections smothered dicky languidness babblings sequestratrices inharmonic imaged
http://www4.wiwiss.fu-berlin.de/bizer/bsbm/v01/instances/dataFromProducer3/Product137;http://www4.wiwiss.fu-berlin.de/bizer/bsbm/v01/vocabulary/productPropertyTextual2;bused ridiculousness agreement chickening postbag pseudopodia jockos blasphemously degenerated grassfire unsteeling microstructure hymenal snigglers
http://www4.wiwiss.fu-berlin.de/bizer/bsbm/v01/instances/dataFromProducer3/Product137;http://www4.wiwiss.fu-berlin.de/bizer/bsbm/v01/vocabulary/productPropertyTextual3;chastises depreciation forefend
http://www4.wiwiss.fu-berlin.de/bizer/bsbm/v01/instances/dataFromProducer3/Product137;http://www4.wiwiss.fu-berlin.de/bizer/bsbm/v01/vocabulary/productPropertyTextual4;slices swerver rhyming townie represent
http://www4.wiwiss.fu-berlin.de/bizer/bsbm/v01/instances/dataFromProducer3/Product137;http://www4.wiwiss.fu-berlin.de/bizer/bsbm/v01/vocabulary/productPropertyTextual5;blacker catarrhal kilned charrier urged lopping hums floozy goosey songwriter protrusions
http://www4.wiwiss.fu-berlin.de/bizer/bsbm/v01/instances/dataFromProducer3/Product137;http://www4.wiwiss.fu-berlin.de/bizer/bsbm/v01/vocabulary/productFeature;http://www4.wiwiss.fu-berlin.de/bizer/bsbm/v01/instances/ProductFeature4075
http://www4.wiwiss.fu-berlin.de/bizer/bsbm/v01/instances/dataFromProducer3/Product137;http://www4.wiwiss.fu-berlin.de/bizer/bsbm/v01/vocabulary/productFeature;http://www4.wiwiss.fu-berlin.de/bizer/bsbm/v01/instances/ProductFeature4079
http://www4.wiwiss.fu-berlin.de/bizer/bsbm/v01/instances/dataFromProducer3/Product137;http://www4.wiwiss.fu-berlin.de/bizer/bsbm/v01/vocabulary/productFeature;http://www4.wiwiss.fu-berlin.de/bizer/bsbm/v01/instances/ProductFeature4080
http://www4.wiwiss.fu-berlin.de/bizer/bsbm/v01/instances/dataFromProducer3/Product137;http://www4.wiwiss.fu-berlin.de/bizer/bsbm/v01/vocabulary/productFeature;http://www4.wiwiss.fu-berlin.de/bizer/bsbm/v01/instances/ProductFeature4081
http://www4.wiwiss.fu-berlin.de/bizer/bsbm/v01/instances/dataFromProducer3/Product137;http://www4.wiwiss.fu-berlin.de/bizer/bsbm/v01/vocabulary/productFeature;http://www4.wiwiss.fu-berlin.de/bizer/bsbm/v01/instances/ProductFeature4083
http://www4.wiwiss.fu-berlin.de/bizer/bsbm/v01/instances/dataFromProducer3/Product137;http://www4.wiwiss.fu-berlin.de/bizer/bsbm/v01/vocabulary/productFeature;http://www4.wiwiss.fu-berlin.de/bizer/bsbm/v01/instances/ProductFeature4087
http://www4.wiwiss.fu-berlin.de/bizer/bsbm/v01/instances/dataFromProducer3/Product137;http://www4.wiwiss.fu-berlin.de/bizer/bsbm/v01/vocabulary/productFeature;http://www4.wiwiss.fu-berlin.de/bizer/bsbm/v01/instances/ProductFeature4089
http://www4.wiwiss.fu-berlin.de/bizer/bsbm/v01/instances/dataFromProducer3/Product137;http://www4.wiwiss.fu-berlin.de/bizer/bsbm/v01/vocabulary/productFeature;http://www4.wiwiss.fu-berlin.de/bizer/bsbm/v01/instances/ProductFeature4096
http://www4.wiwiss.fu-berlin.de/bizer/bsbm/v01/instances/dataFromProducer3/Product137;http://www4.wiwiss.fu-berlin.de/bizer/bsbm/v01/vocabulary/productFeature;http://www4.wiwiss.fu-berlin.de/bizer/bsbm/v01/instances/ProductFeature1264
http://www4.wiwiss.fu-berlin.de/bizer/bsbm/v01/instances/dataFromProducer3/Product137;http://www4.wiwiss.fu-berlin.de/bizer/bsbm/v01/vocabulary/productFeature;http://www4.wiwiss.fu-berlin.de/bizer/bsbm/v01/instances/ProductFeature1265
http://www4.wiwiss.fu-berlin.de/bizer/bsbm/v01/instances/dataFromProducer3/Product137;http://www4.wiwiss.fu-berlin.de/bizer/bsbm/v01/vocabulary/productFeature;http://www4.wiwiss.fu-berlin.de/bizer/bsbm/v01/instances/ProductFeature1268
http://www4.wiwiss.fu-berlin.de/bizer/bsbm/v01/instances/dataFromProducer3/Product137;http://www4.wiwiss.fu-berlin.de/bizer/bsbm/v01/vocabulary/productFeature;http://www4.wiwiss.fu-berlin.de/bizer/bsbm/v01/instances/ProductFeature1272
http://www4.wiwiss.fu-berlin.de/bizer/bsbm/v01/instances/dataFromProducer3/Product137;http://www4.wiwiss.fu-berlin.de/bizer/bsbm/v01/vocabulary/productFeature;http://www4.wiwiss.fu-berlin.de/bizer/bsbm/v01/instances/ProductFeature1281
http://www4.wiwiss.fu-berlin.de/bizer/bsbm/v01/instances/dataFromProducer3/Product137;http://www4.wiwiss.fu-berlin.de/bizer/bsbm/v01/vocabulary/productFeature;http://www4.wiwiss.fu-berlin.de/bizer/bsbm/v01/instances/ProductFeature79
http://www4.wiwiss.fu-berlin.de/bizer/bsbm/v01/instances/dataFromProducer3/Product137;http://www4.wiwiss.fu-berlin.de/bizer/bsbm/v01/vocabulary/productFeature;http://www4.wiwiss.fu-berlin.de/bizer/bsbm/v01/instances/ProductFeature80
http://www4.wiwiss.fu-berlin.de/bizer/bsbm/v01/instances/dataFromProducer3/Product137;http://www4.wiwiss.fu-berlin.de/bizer/bsbm/v01/vocabulary/productFeature;http://www4.wiwiss.fu-berlin.de/bizer/bsbm/v01/instances/ProductFeature83
http://www4.wiwiss.fu-berlin.de/bizer/bsbm/v01/instances/dataFromProducer3/Product137;http://www4.wiwiss.fu-berlin.de/bizer/bsbm/v01/vocabulary/productFeature;http://www4.wiwiss.fu-berlin.de/bizer/bsbm/v01/instances/ProductFeature85
http://www4.wiwiss.fu-berlin.de/bizer/bsbm/v01/instances/dataFromProducer3/Product137;http://www4.wiwiss.fu-berlin.de/bizer/bsbm/v01/vocabulary/productFeature;http://www4.wiwiss.fu-berlin.de/bizer/bsbm/v01/instances/ProductFeature87
http://www4.wiwiss.fu-berlin.de/bizer/bsbm/v01/instances/dataFromProducer3/Product137;http://www4.wiwiss.fu-berlin.de/bizer/bsbm/v01/vocabulary/productFeature;http://www4.wiwiss.fu-berlin.de/bizer/bsbm/v01/instances/ProductFeature93
http://www4.wiwiss.fu-berlin.de/bizer/bsbm/v01/instances/dataFromProducer3/Product137;http://www4.wiwiss.fu-berlin.de/bizer/bsbm/v01/vocabulary/productFeature;http://www4.wiwiss.fu-berlin.de/bizer/bsbm/v01/instances/ProductFeature96
http://www4.wiwiss.fu-berlin.de/bizer/bsbm/v01/instances/dataFromProducer3/Product137;http://www4.wiwiss.fu-berlin.de/bizer/bsbm/v01/vocabulary/producer;http://www4.wiwiss.fu-berlin.de/bizer/bsbm/v01/instances/dataFromProducer3/Producer3
http://www4.wiwiss.fu-berlin.de/bizer/bsbm/v01/instances/dataFromProducer3/Product137;http://purl.org/dc/elements/1.1/publisher;http://www4.wiwiss.fu-berlin.de/bizer/bsbm/v01/instances/dataFromProducer3/Producer3
http://www4.wiwiss.fu-berlin.de/bizer/bsbm/v01/instances/dataFromProducer3/Product137;http://purl.org/dc/elements/1.1/date;2003-12-28
http://www4.wiwiss.fu-berlin.de/bizer/bsbm/v01/instances/dataFromProducer18/Product832;http://www.w3.org/1999/02/22-rdf-syntax-ns#type;http://www4.wiwiss.fu-berlin.de/bizer/bsbm/v01/vocabulary/Product
http://www4.wiwiss.fu-berlin.de/bizer/bsbm/v01/instances/dataFromProducer18/Product832;http://www.w3.org/1999/02/22-rdf-syntax-ns#type;http://www4.wiwiss.fu-berlin.de/bizer/bsbm/v01/instances/ProductType67
http://www4.wiwiss.fu-berlin.de/bizer/bsbm/v01/instances/dataFromProducer18/Product832;http://www.w3.org/2000/01/rdf-schema#label;chinaware
http://www4.wiwiss.fu-berlin.de/bizer/bsbm/v01/instances/dataFromProducer18/Product832;http://www.w3.org/2000/01/rdf-schema#comment;graphically mameyes maitres volplaned bangs satanophobia sleights bribable pottages dauntlessly preeminently escapism puddings stiffener fighting garfish madhouses calluses footropes timekeeping attendance fittest communally throning tuggers snapshots poling charities senhores wroth countless auxillary purlieu federally fights exclaimers charades careering lazily slipperiness enfevers stepdaughters outrider cigarettes gonad facer gaping embarred quakily timbered vesicants inoculant scrapes hidable initiation sententiousness mimer polemists excrement expendability gents overflew belied transgressive striker libidinal biorhythm droplets tissuing rockfish bathysphere reining productive smatterings legalizations rednesses disclaimed counterinsurgency titrators evolutes signets extendability vyingly expectorator enslavers orgeats slims flitters episodically ruled destroyer furor nicotines grizzlies doomsdays reverb mistimes gourds
http://www4.wiwiss.fu-berlin.de/bizer/bsbm/v01/instances/dataFromProducer18/Product832;http://www4.wiwiss.fu-berlin.de/bizer/bsbm/v01/vocabulary/productPropertyNumeric1;698
http://www4.wiwiss.fu-berlin.de/bizer/bsbm/v01/instances/dataFromProducer18/Product832;http://www4.wiwiss.fu-berlin.de/bizer/bsbm/v01/vocabulary/productPropertyNumeric2;1498
http://www4.wiwiss.fu-berlin.de/bizer/bsbm/v01/instances/dataFromProducer18/Product832;http://www4.wiwiss.fu-berlin.de/bizer/bsbm/v01/vocabulary/productPropertyNumeric3;318
http://www4.wiwiss.fu-berlin.de/bizer/bsbm/v01/instances/dataFromProducer18/Product832;http://www4.wiwiss.fu-berlin.de/bizer/bsbm/v01/vocabulary/productPropertyNumeric4;26
http://www4.wiwiss.fu-berlin.de/bizer/bsbm/v01/instances/dataFromProducer18/Product832;http://www4.wiwiss.fu-berlin.de/bizer/bsbm/v01/vocabulary/productPropertyNumeric5;615
http://www4.wiwiss.fu-berlin.de/bizer/bsbm/v01/instances/dataFromProducer18/Product832;http://www4.wiwiss.fu-berlin.de/bizer/bsbm/v01/vocabulary/productPropertyTextual1;swarth mildews quiveringly lobbyists unconvincingly retry rawnesses laterally unenthusiastically scrolling unclench
http://www4.wiwiss.fu-berlin.de/bizer/bsbm/v01/instances/dataFromProducer18/Product832;http://www4.wiwiss.fu-berlin.de/bizer/bsbm/v01/vocabulary/productPropertyTextual2;causelessly chafers appraisingly deodorizers
http://www4.wiwiss.fu-berlin.de/bizer/bsbm/v01/instances/dataFromProducer18/Product832;http://www4.wiwiss.fu-berlin.de/bizer/bsbm/v01/vocabulary/productPropertyTextual3;biomedical breather cartoonists briefly seedsman oversight courages undeniable whishts boozers trumpeted worthful untempting
http://www4.wiwiss.fu-berlin.de/bizer/bsbm/v01/instances/dataFromProducer18/Product832;http://www4.wiwiss.fu-berlin.de/bizer/bsbm/v01/vocabulary/productPropertyTextual4;flagmen anthrop perfectest quadrilles preapplications dewfalls sconcing relentlessness
http://www4.wiwiss.fu-berlin.de/bizer/bsbm/v01/instances/dataFromProducer18/Product832;http://www4.wiwiss.fu-berlin.de/bizer/bsbm/v01/vocabulary/productPropertyTextual5;hotheads hullabaloo panicled puttered airless peacockier habitable nix trilobed prepossessingness
http://www4.wiwiss.fu-berlin.de/bizer/bsbm/v01/instances/dataFromProducer18/Product832;http://www4.wiwiss.fu-berlin.de/bizer/bsbm/v01/vocabulary/productFeature;http://www4.wiwiss.fu-berlin.de/bizer/bsbm/v01/instances/ProductFeature1988
http://www4.wiwiss.fu-berlin.de/bizer/bsbm/v01/instances/dataFromProducer18/Product832;http://www4.wiwiss.fu-berlin.de/bizer/bsbm/v01/vocabulary/productFeature;http://www4.wiwiss.fu-berlin.de/bizer/bsbm/v01/instances/ProductFeature1989
http://www4.wiwiss.fu-berlin.de/bizer/bsbm/v01/instances/dataFromProducer18/Product832;http://www4.wiwiss.fu-berlin.de/bizer/bsbm/v01/vocabulary/productFeature;http://www4.wiwiss.fu-berlin.de/bizer/bsbm/v01/instances/ProductFeature1990
http://www4.wiwiss.fu-berlin.de/bizer/bsbm/v01/instances/dataFromProducer18/Product832;http://www4.wiwiss.fu-berlin.de/bizer/bsbm/v01/vocabulary/productFeature;http://www4.wiwiss.fu-berlin.de/bizer/bsbm/v01/instances/ProductFeature1991
http://www4.wiwiss.fu-berlin.de/bizer/bsbm/v01/instances/dataFromProducer18/Product832;http://www4.wiwiss.fu-berlin.de/bizer/bsbm/v01/vocabulary/productFeature;http://www4.wiwiss.fu-berlin.de/bizer/bsbm/v01/instances/ProductFeature1992
http://www4.wiwiss.fu-berlin.de/bizer/bsbm/v01/instances/dataFromProducer18/Product832;http://www4.wiwiss.fu-berlin.de/bizer/bsbm/v01/vocabulary/productFeature;http://www4.wiwiss.fu-berlin.de/bizer/bsbm/v01/instances/ProductFeature1993
http://www4.wiwiss.fu-berlin.de/bizer/bsbm/v01/instances/dataFromProducer18/Product832;http://www4.wiwiss.fu-berlin.de/bizer/bsbm/v01/vocabulary/productFeature;http://www4.wiwiss.fu-berlin.de/bizer/bsbm/v01/instances/ProductFeature1994
http://www4.wiwiss.fu-berlin.de/bizer/bsbm/v01/instances/dataFromProducer18/Product832;http://www4.wiwiss.fu-berlin.de/bizer/bsbm/v01/vocabulary/productFeature;http://www4.wiwiss.fu-berlin.de/bizer/bsbm/v01/instances/ProductFeature1998
http://www4.wiwiss.fu-berlin.de/bizer/bsbm/v01/instances/dataFromProducer18/Product832;http://www4.wiwiss.fu-berlin.de/bizer/bsbm/v01/vocabulary/productFeature;http://www4.wiwiss.fu-berlin.de/bizer/bsbm/v01/instances/ProductFeature1999
http://www4.wiwiss.fu-berlin.de/bizer/bsbm/v01/instances/dataFromProducer18/Product832;http://www4.wiwiss.fu-berlin.de/bizer/bsbm/v01/vocabulary/productFeature;http://www4.wiwiss.fu-berlin.de/bizer/bsbm/v01/instances/ProductFeature2006
http://www4.wiwiss.fu-berlin.de/bizer/bsbm/v01/instances/dataFromProducer18/Product832;http://www4.wiwiss.fu-berlin.de/bizer/bsbm/v01/vocabulary/productFeature;http://www4.wiwiss.fu-berlin.de/bizer/bsbm/v01/instances/ProductFeature2007
http://www4.wiwiss.fu-berlin.de/bizer/bsbm/v01/instances/dataFromProducer18/Product832;http://www4.wiwiss.fu-berlin.de/bizer/bsbm/v01/vocabulary/productFeature;http://www4.wiwiss.fu-berlin.de/bizer/bsbm/v01/instances/ProductFeature2011
http://www4.wiwiss.fu-berlin.de/bizer/bsbm/v01/instances/dataFromProducer18/Product832;http://www4.wiwiss.fu-berlin.de/bizer/bsbm/v01/vocabulary/productFeature;http://www4.wiwiss.fu-berlin.de/bizer/bsbm/v01/instances/ProductFeature2012
http://www4.wiwiss.fu-berlin.de/bizer/bsbm/v01/instances/dataFromProducer18/Product832;http://www4.wiwiss.fu-berlin.de/bizer/bsbm/v01/vocabulary/productFeature;http://www4.wiwiss.fu-berlin.de/bizer/bsbm/v01/instances/ProductFeature2013
http://www4.wiwiss.fu-berlin.de/bizer/bsbm/v01/instances/dataFromProducer18/Product832;http://www4.wiwiss.fu-berlin.de/bizer/bsbm/v01/vocabulary/productFeature;http://www4.wiwiss.fu-berlin.de/bizer/bsbm/v01/instances/ProductFeature2014
http://www4.wiwiss.fu-berlin.de/bizer/bsbm/v01/instances/dataFromProducer18/Product832;http://www4.wiwiss.fu-berlin.de/bizer/bsbm/v01/vocabulary/productFeature;http://www4.wiwiss.fu-berlin.de/bizer/bsbm/v01/instances/ProductFeature2015
http://www4.wiwiss.fu-berlin.de/bizer/bsbm/v01/instances/dataFromProducer18/Product832;http://www4.wiwiss.fu-berlin.de/bizer/bsbm/v01/vocabulary/productFeature;http://www4.wiwiss.fu-berlin.de/bizer/bsbm/v01/instances/ProductFeature2016
http://www4.wiwiss.fu-berlin.de/bizer/bsbm/v01/instances/dataFromProducer18/Product832;http://www4.wiwiss.fu-berlin.de/bizer/bsbm/v01/vocabulary/productFeature;http://www4.wiwiss.fu-berlin.de/bizer/bsbm/v01/instances/ProductFeature283
http://www4.wiwiss.fu-berlin.de/bizer/bsbm/v01/instances/dataFromProducer18/Product832;http://www4.wiwiss.fu-berlin.de/bizer/bsbm/v01/vocabulary/productFeature;http://www4.wiwiss.fu-berlin.de/bizer/bsbm/v01/instances/ProductFeature284
http://www4.wiwiss.fu-berlin.de/bizer/bsbm/v01/instances/dataFromProducer18/Product832;http://www4.wiwiss.fu-berlin.de/bizer/bsbm/v01/vocabulary/productFeature;http://www4.wiwiss.fu-berlin.de/bizer/bsbm/v01/instances/ProductFeature286
http://www4.wiwiss.fu-berlin.de/bizer/bsbm/v01/instances/dataFromProducer18/Product832;http://www4.wiwiss.fu-berlin.de/bizer/bsbm/v01/vocabulary/productFeature;http://www4.wiwiss.fu-berlin.de/bizer/bsbm/v01/instances/ProductFeature289
http://www4.wiwiss.fu-berlin.de/bizer/bsbm/v01/instances/dataFromProducer18/Product832;http://www4.wiwiss.fu-berlin.de/bizer/bsbm/v01/vocabulary/productFeature;http://www4.wiwiss.fu-berlin.de/bizer/bsbm/v01/instances/ProductFeature292
http://www4.wiwiss.fu-berlin.de/bizer/bsbm/v01/instances/dataFromProducer18/Product832;http://www4.wiwiss.fu-berlin.de/bizer/bsbm/v01/vocabulary/productFeature;http://www4.wiwiss.fu-berlin.de/bizer/bsbm/v01/instances/ProductFeature294
http://www4.wiwiss.fu-berlin.de/bizer/bsbm/v01/instances/dataFromProducer18/Product832;http://www4.wiwiss.fu-berlin.de/bizer/bsbm/v01/vocabulary/productFeature;http://www4.wiwiss.fu-berlin.de/bizer/bsbm/v01/instances/ProductFeature297
http://www4.wiwiss.fu-berlin.de/bizer/bsbm/v01/instances/dataFromProducer18/Product832;http://www4.wiwiss.fu-berlin.de/bizer/bsbm/v01/vocabulary/productFeature;http://www4.wiwiss.fu-berlin.de/bizer/bsbm/v01/instances/ProductFeature298
http://www4.wiwiss.fu-berlin.de/bizer/bsbm/v01/instances/dataFromProducer18/Product832;http://www4.wiwiss.fu-berlin.de/bizer/bsbm/v01/vocabulary/productFeature;http://www4.wiwiss.fu-berlin.de/bizer/bsbm/v01/instances/ProductFeature299
http://www4.wiwiss.fu-berlin.de/bizer/bsbm/v01/instances/dataFromProducer18/Product832;http://www4.wiwiss.fu-berlin.de/bizer/bsbm/v01/vocabulary/productFeature;http://www4.wiwiss.fu-berlin.de/bizer/bsbm/v01/instances/ProductFeature5
http://www4.wiwiss.fu-berlin.de/bizer/bsbm/v01/instances/dataFromProducer18/Product832;http://www4.wiwiss.fu-berlin.de/bizer/bsbm/v01/vocabulary/productFeature;http://www4.wiwiss.fu-berlin.de/bizer/bsbm/v01/instances/ProductFeature7
http://www4.wiwiss.fu-berlin.de/bizer/bsbm/v01/instances/dataFromProducer18/Product832;http://www4.wiwiss.fu-berlin.de/bizer/bsbm/v01/vocabulary/productFeature;http://www4.wiwiss.fu-berlin.de/bizer/bsbm/v01/instances/ProductFeature8
http://www4.wiwiss.fu-berlin.de/bizer/bsbm/v01/instances/dataFromProducer18/Product832;http://www4.wiwiss.fu-berlin.de/bizer/bsbm/v01/vocabulary/productFeature;http://www4.wiwiss.fu-berlin.de/bizer/bsbm/v01/instances/ProductFeature9
http://www4.wiwiss.fu-berlin.de/bizer/bsbm/v01/instances/dataFromProducer18/Product832;http://www4.wiwiss.fu-berlin.de/bizer/bsbm/v01/vocabulary/productFeature;http://www4.wiwiss.fu-berlin.de/bizer/bsbm/v01/instances/ProductFeature10
http://www4.wiwiss.fu-berlin.de/bizer/bsbm/v01/instances/dataFromProducer18/Product832;http://www4.wiwiss.fu-berlin.de/bizer/bsbm/v01/vocabulary/productFeature;http://www4.wiwiss.fu-berlin.de/bizer/bsbm/v01/instances/ProductFeature11
http://www4.wiwiss.fu-berlin.de/bizer/bsbm/v01/instances/dataFromProducer18/Product832;http://www4.wiwiss.fu-berlin.de/bizer/bsbm/v01/vocabulary/productFeature;http://www4.wiwiss.fu-berlin.de/bizer/bsbm/v01/instances/ProductFeature19
http://www4.wiwiss.fu-berlin.de/bizer/bsbm/v01/instances/dataFromProducer18/Product832;http://www4.wiwiss.fu-berlin.de/bizer/bsbm/v01/vocabulary/producer;http://www4.wiwiss.fu-berlin.de/bizer/bsbm/v01/instances/dataFromProducer18/Producer18
http://www4.wiwiss.fu-berlin.de/bizer/bsbm/v01/instances/dataFromProducer18/Product832;http://purl.org/dc/elements/1.1/publisher;http://www4.wiwiss.fu-berlin.de/bizer/bsbm/v01/instances/dataFromProducer18/Producer18
http://www4.wiwiss.fu-berlin.de/bizer/bsbm/v01/instances/dataFromProducer18/Product832;http://purl.org/dc/elements/1.1/date;2004-08-04
